https://gpfault.net/posts/asm-tut-0.txt.html	1	[745326519374577835]	https://gpfault.net/posts/asm-tut-0.txt.html	https://gpfault.net/rss.xml
https://pvk.ca/Blog/more_numerical_experiments_in_hashing.html	1	[910647467765297252]	https://pvk.ca/Blog/more_numerical_experiments_in_hashing.html	https://pvk.ca/Blog/index.rss20
https://www.pentestpartners.com/security-blog/sinking-container-ships-by-hacking-load-plan-software/	1	[382504514974121994]	https://www.pentestpartners.com/security-blog/sinking-container-ships-by-hacking-load-plan-software/	https://www.pentestpartners.com/feed/
https://simblob.blogspot.com/2023/02/making-of-draggable-objects.html	1	[1081218573537652828]	https://simblob.blogspot.com/2023/02/making-of-draggable-objects.html	https://simblob.blogspot.com/feeds/posts/default
https://predr.ag/blog/falsehoods-programmers-believe-about-undefined-behavior/	1	[1047216114788216952]	https://predr.ag/blog/falsehoods-programmers-believe-about-undefined-behavior/	https://predr.ag/atom.xml
https://bottosson.github.io/posts/oklab/	1	[838473775640608848]	https://bottosson.github.io/posts/oklab/	https://bottosson.github.io/feed/feed.xml
https://quuxplusone.github.io/blog/2021/02/15/devirtualization/	1	[821143156656439406]	https://quuxplusone.github.io/blog/2021/02/15/devirtualization/	https://quuxplusone.github.io/blog/feed.xml
https://blog.nelhage.com/post/computers-can-be-understood/	1	[680651153746296832]	https://blog.nelhage.com/post/computers-can-be-understood/	https://blog.nelhage.com/atom.xml
https://www.copetti.org/writings/consoles/playstation-3/	1	[900509668986740737]	https://www.copetti.org/writings/consoles/playstation-3/	https://www.copetti.org/index.xml
https://www.forrestthewoods.com/blog/benchmarking-malloc-with-doom3/	1	[983802917343612958]	https://www.forrestthewoods.com/blog/benchmarking-malloc-with-doom3/	https://www.forrestthewoods.com/rss.xml
https://krystalgamer.github.io/avengers-emulator/	1	[750744476372172940]	https://krystalgamer.github.io/avengers-emulator/	https://krystalgamer.github.io/feed.xml
https://www.joelonsoftware.com/2002/11/11/the-law-of-leaky-abstractions/	1	[838190461700014091]	https://www.joelonsoftware.com/2002/11/11/the-law-of-leaky-abstractions/	https://www.joelonsoftware.com/feed/
https://eheitzresearch.wordpress.com/722-2/	1	[682970508974751803]	https://eheitzresearch.wordpress.com/722-2/	https://eheitzresearch.wordpress.com/feed/
https://bottosson.github.io/	1	[952535265744924683]	https://bottosson.github.io/	https://bottosson.github.io/feed/feed.xml
https://qroph.github.io/2018/07/30/smooth-paths-using-catmull-rom-splines.html	1	[938746060757667851]	https://qroph.github.io/2018/07/30/smooth-paths-using-catmull-rom-splines.html	https://qroph.github.io/feed.xml
https://www.strchr.com/multi-stage_tables	1	[724772202746216519]	https://www.strchr.com/multi-stage_tables	https://www.strchr.com/?feed=/
https://knightcolumbia.org/content/protocols-not-platforms-a-technological-approach-to-free-speech	1	[804403250807832576]	https://knightcolumbia.org/content/protocols-not-platforms-a-technological-approach-to-free-speech	https://knightcolumbia.org/rss?v=2
https://luau-lang.org/performance	1	[993848778610192428]	https://luau-lang.org/performance	https://luau-lang.org/feed.xml
https://jerryjones.dev/2020/05/04/accessibility-101-for-content-creators/	2	[738139151089664040]	https://jerryjones.dev/2020/05/04/accessibility-101-for-content-creators/	https://jerryjones.dev/feed/	https://jerryjones.dev/2020/05/04/accessibility-101-for-content-creators/feed/
https://webkit.org/blog/10308/speculation-in-javascriptcore/	2	[1047629196089888889]	https://webkit.org/blog/10308/speculation-in-javascriptcore/	https://webkit.org/feed/	https://webkit.org/feed/atom/
https://www.optimization101.org/	1	[842699913862709268]	https://www.optimization101.org/	https://www.optimization101.org/feeds/posts/default
https://gpuopen.com/compute-product/amd-rdna-1-0-instruction-set-architecture/	1	[606602680760008724 704774320043589792]	https://gpuopen.com/compute-product/amd-rdna-1-0-instruction-set-architecture/	https://gpuopen.com/feed/
https://josephg.com/blog/crdts-go-brrr/	1	[871182638243786822]	https://josephg.com/blog	https://josephg.com/blog/rss/
https://ngildea.blogspot.com/2014/11/implementing-dual-contouring.html	1	[543772157428367364]	https://ngildea.blogspot.com/2014/11/implementing-dual-contouring.html	https://ngildea.blogspot.com/feeds/posts/default
https://sandervanrossen.blogspot.com/2017/09/half-edge-data-structure-considered.html	1	[917744375537225729]	https://sandervanrossen.blogspot.com/2017/09/half-edge-data-structure-considered.html	https://sandervanrossen.blogspot.com/feeds/posts/default
https://blog.acolyer.org/2015/11/23/hashed-and-hierarchical-timing-wheels/	2	[935886140878233692]	https://blog.acolyer.org/2015/11/23/hashed-and-hierarchical-timing-wheels/	https://blog.acolyer.org/feed/	https://blog.acolyer.org/2015/11/23/hashed-and-hierarchical-timing-wheels/feed/
https://www.copetti.org/writings/consoles/xbox-360/	1	[984844480995794976]	https://www.copetti.org/writings/consoles/xbox-360/	https://www.copetti.org/index.xml
https://blog.reverberate.org/2012/12/hello-jit-world-joy-of-simple-jits.html	1	[765792524656705547]	https://blog.reverberate.org/2012/12/hello-jit-world-joy-of-simple-jits.html	https://blog.reverberate.org/feed.xml
https://www.destructoid.com/he-worked-on-it-for-three-years-and-then-threw-it-away-231507.phtml	2	[245060921209257984]	https://www.destructoid.com/he-worked-on-it-for-three-years-and-then-threw-it-away-231507.phtml	https://www.destructoid.com/feed/	https://www.destructoid.com/he-worked-on-it-for-three-years-and-then-threw-it-away/feed/
https://pomax.github.io/bezierinfo/	1	[592736902478561290 750744137694969908]	https://pomax.github.io/bezierinfo/	https://pomax.github.io/bezierinfo/news/rss.xml
https://magcius.github.io/xplain/article/	1	[629885003001757706]	https://magcius.github.io/xplain/article/	https://magcius.github.io/xplain/article/feed.xml
https://benhoyt.com/writings/count-words/	1	[866472720627925003]	https://benhoyt.com/writings	https://benhoyt.com/writings/rss.xml
https://reindernijhoff.net/2019/03/wolfenstein-raytracing-on-using-webgl1/	1	[556005599666634762 556325346840936468]	https://reindernijhoff.net/2019/03/wolfenstein-raytracing-on-using-webgl1/	https://reindernijhoff.net/feed/
https://pomb.us/build-your-own-react/	1	[1036001733861711992]	https://pomb.us/build-your-own-react/	https://pomb.us/rss.xml
https://www.syntorial.com/	1	[543812818537938955]	https://www.syntorial.com/	https://www.syntorial.com/feed/
https://fgiesen.wordpress.com/2013/02/10/optimizing-the-basic-rasterizer/	2	[549048718448525313]	https://fgiesen.wordpress.com/2013/02/10/optimizing-the-basic-rasterizer/	https://fgiesen.wordpress.com/feed/	https://fgiesen.wordpress.com/2013/02/10/optimizing-the-basic-rasterizer/feed/
https://en.wikibooks.org/wiki/OpenGL_Programming/Modern_OpenGL_Tutorial_Text_Rendering_01	1	[241814663631732736]	https://en.wikibooks.org/wiki/OpenGL_Programming/Modern_OpenGL_Tutorial_Text_Rendering_01	https://en.wikibooks.org/w/index.php?title=Special:RecentChanges&feed=atom
https://randomascii.wordpress.com/2019/03/20/exercises-in-emulation-xbox-360s-fma-instruction/	2	[558415154224693288]	https://randomascii.wordpress.com/2019/03/20/exercises-in-emulation-xbox-360s-fma-instruction/	https://randomascii.wordpress.com/feed/	https://randomascii.wordpress.com/2019/03/20/exercises-in-emulation-xbox-360s-fma-instruction/feed/
https://thumpergame.com/blog/2013/10/29/engine-tech-easy-collaboration-with-object-urls	1	[845418206944559205]	https://thumpergame.com/blog/2013/10/29/engine-tech-easy-collaboration-with-object-urls	https://thumpergame.com/blog?format=rss
http://neugierig.org/software/blog/2018/07/options.html	1	[480861506171305984]	http://neugierig.org/software/blog/2018/07/options.html	https://neugierig.org/software/blog/atom.xml
https://drossbucket.com/2021/06/30/hacker-news-folk-wisdom-on-visual-programming/	2	[860647338962583572]	https://drossbucket.com/2021/06/30/hacker-news-folk-wisdom-on-visual-programming/	https://drossbucket.com/feed/	https://drossbucket.com/2021/06/30/hacker-news-folk-wisdom-on-visual-programming/feed/
https://perspectiveresources.blogspot.com/p/how-to.html	1	[634733973691695114]	https://perspectiveresources.blogspot.com/p/how-to.html	https://perspectiveresources.blogspot.com/feeds/posts/default
https://knarkowicz.wordpress.com/2014/07/20/lightmapping-in-anomaly-2-mobile/	2	[527138089219391488]	https://knarkowicz.wordpress.com/2014/07/20/lightmapping-in-anomaly-2-mobile/	https://knarkowicz.wordpress.com/feed/	https://knarkowicz.wordpress.com/2014/07/20/lightmapping-in-anomaly-2-mobile/feed/
https://www.pcg-random.org/index.html	1	[682908062868307985]	https://www.pcg-random.org/index.html	https://www.pcg-random.org/rss.xml
https://github.blog/2023-01-23-pwning-the-all-google-phone-with-a-non-google-bug/	1	[1067185431009042462]	https://github.blog/2023-01-23-pwning-the-all-google-phone-with-a-non-google-bug/	https://github.blog/feed/
https://codeblog.jonskeet.uk/2019/03/27/storing-utc-is-not-a-silver-bullet/	2	[570368861510303774]	https://codeblog.jonskeet.uk/2019/03/27/storing-utc-is-not-a-silver-bullet/	https://codeblog.jonskeet.uk/feed/	https://codeblog.jonskeet.uk/2019/03/27/storing-utc-is-not-a-silver-bullet/feed/
https://chipsandcheese.com/2022/11/05/amds-zen-4-part-1-frontend-and-execution-engine/	2	[1039673702884855828]	https://chipsandcheese.com/2022/11/05/amds-zen-4-part-1-frontend-and-execution-engine/	https://chipsandcheese.com/feed/	https://chipsandcheese.com/2022/11/05/amds-zen-4-part-1-frontend-and-execution-engine/feed/
https://zero-radiance.github.io/post/z-buffer/	1	[747763891773112321]	https://zero-radiance.github.io/post	https://zero-radiance.github.io/post/index.xml
https://astralcode.blogspot.com/2018/11/reverse-engineering-rendering-of.html	1	[534452861476667402 679353824380452864]	https://astralcode.blogspot.com/2018/11/reverse-engineering-rendering-of.html	https://astralcode.blogspot.com/feeds/posts/default
https://tomverbeure.github.io/rtl/2018/11/26/Racing-the-Beam-Ray-Tracer.html	1	[635761208795987993]	https://tomverbeure.github.io/rtl/2018/11/26/Racing-the-Beam-Ray-Tracer.html	https://tomverbeure.github.io/feed.xml
https://www.anthropicstudios.com/2022/01/13/asking-windows-nicely/	1	[931476938361540618]	https://www.anthropicstudios.com/2022/01/13/asking-windows-nicely/	https://www.anthropicstudios.com/feed.xml
https://indieweb.org/why	1	[531943654026248222]	https://indieweb.org/why	https://indieweb.org/wiki/index.php?title=Special:RecentChanges&feed=atom
https://thume.ca/2019/07/27/two-performance-aesthetics/	1	[646834880415531009]	https://thume.ca/2019/07/27/two-performance-aesthetics/	https://thume.ca/atom.xml
https://aschrein.github.io/jekyll/update/2019/06/13/whatsup-with-my-branches-on-gpu.html	1	[825163090605375528]	https://aschrein.github.io/jekyll/update/2019/06/13/whatsup-with-my-branches-on-gpu.html	https://aschrein.github.io/feed.xml
https://sillycross.github.io/2022/11/22/2022-11-22/	1	[1044752842902224926]	https://sillycross.github.io/2022/11/22/2022-11-22/	https://sillycross.github.io/atom.xml
https://michaldrobot.com/2014/04/01/gcn-execution-patterns-in-full-screen-passes/	2	[792816270578810900]	https://michaldrobot.com/2014/04/01/gcn-execution-patterns-in-full-screen-passes/	https://michaldrobot.com/feed/	https://michaldrobot.com/2014/04/01/gcn-execution-patterns-in-full-screen-passes/feed/
https://tonsky.me/blog/disenchantment/	1	[610578427296350284]	https://tonsky.me/blog/disenchantment/	https://tonsky.me/blog/atom.xml
https://www.adriancourreges.com/blog/2020/12/29/graphics-studies-compilation/	1	[793962963241402400 828723208143896616]	https://www.adriancourreges.com/blog/2020/12/29/graphics-studies-compilation/	https://www.adriancourreges.com/atom.xml
https://a13xp0p0v.github.io/2022/05/24/pwn-fuchsia.html	1	[979100336809734294]	https://a13xp0p0v.github.io/2022/05/24/pwn-fuchsia.html	https://a13xp0p0v.github.io/feed.xml
https://ihorszlachtycz.blogspot.com/2021/07/optimizing-grid-simulations-with-simd.html?m=1&fbclid=IwAR36hOx3rN2--hxwAcMeoAaS7sZwPqMDwmSbbpOiP7g0fqLi2GdLnmPBtjU	1	[862753539185049650]	https://ihorszlachtycz.blogspot.com/2021/07/optimizing-grid-simulations-with-simd.html?m=1&fbclid=IwAR36hOx3rN2--hxwAcMeoAaS7sZwPqMDwmSbbpOiP7g0fqLi2GdLnmPBtjU	https://ihorszlachtycz.blogspot.com/feeds/posts/default
https://blog.pimaker.at/texts/rvc1/	1	[880868215469793300]	https://blog.pimaker.at/texts/rvc1/	https://blog.pimaker.at/atom.xml
https://stackoverflow.com/questions/25437632/cmake-run-built-executable-before-building-another	1	[707712389801574451]	https://stackoverflow.com/questions/25437632/cmake-run-built-executable-before-building-another	https://stackoverflow.com/feeds/question/25437632
https://procedural-generation.tumblr.com/	1	[640892238578057246]	https://procedural-generation.tumblr.com/	https://procedural-generation.tumblr.com/rss
https://nullprogram.com/blog/2021/12/30/	1	[926994034952646726]	https://nullprogram.com/blog/2021/12/30/	https://nullprogram.com/feed/
https://cellperformance.beyond3d.com/articles/2006/06/understanding-strict-aliasing.html	1	[820961887264571412]	https://cellperformance.beyond3d.com/articles/2006/06/understanding-strict-aliasing.html	https://cellperformance.beyond3d.com/articles/atom.xml
https://wbenny.github.io/2018/11/04/wow64-internals.html	1	[509401220570677279]	https://wbenny.github.io/2018/11/04/wow64-internals.html	https://wbenny.github.io/feed.xml
https://mazzo.li/posts/vectorized-atan2.html	1	[877542031495397378]	https://mazzo.li/posts/vectorized-atan2.html	https://mazzo.li/rss.xml
https://takinginitiative.wordpress.com/	1	[907930804523532289]	https://takinginitiative.wordpress.com/	https://takinginitiative.wordpress.com/feed/
https://johv.dk/blog/bare-metal-assembly-tutorial.html	1	[692422878670618677]	https://johv.dk/blog/bare-metal-assembly-tutorial.html	https://johv.dk/blog.rss
https://pron.github.io/tlaplus	1	[932848231698792549]	https://pron.github.io/tlaplus	https://pron.github.io/atom.xml
https://www.joelonsoftware.com/2003/10/08/the-absolute-minimum-every-software-developer-absolutely-positively-must-know-about-unicode-and-character-sets-no-excuses/	1	[528443065686294529]	https://www.joelonsoftware.com/2003/10/08/the-absolute-minimum-every-software-developer-absolutely-positively-must-know-about-unicode-and-character-sets-no-excuses/	https://www.joelonsoftware.com/feed/
https://devblogs.microsoft.com/premier-developer/managed-object-internals-part-2-object-header-layout-and-the-cost-of-locking/	2	[705840550695403542]	https://devblogs.microsoft.com/premier-developer/managed-object-internals-part-2-object-header-layout-and-the-cost-of-locking/	https://devblogs.microsoft.com/premier-developer/feed/	https://devblogs.microsoft.com/premier-developer/managed-object-internals-part-2-object-header-layout-and-the-cost-of-locking/feed/
https://rudyfaile.com/2020/04/17/a-commitment-to-handmade/	2	[701836781024444456]	https://rudyfaile.com/2020/04/17/a-commitment-to-handmade/	https://rudyfaile.com/feed/	https://rudyfaile.com/2020/04/17/a-commitment-to-handmade/feed/
https://bartwronski.com/2020/02/03/separate-your-filters-svd-and-low-rank-approximation-of-image-filters/	2	[676496703683297330]	https://bartwronski.com/2020/02/03/separate-your-filters-svd-and-low-rank-approximation-of-image-filters/	https://bartwronski.com/feed/	https://bartwronski.com/2020/02/03/separate-your-filters-svd-and-low-rank-approximation-of-image-filters/feed/
https://en.cppreference.com/w/cpp/utility/functional/move_only_function/move_only_function	1	[957339298447892512]	https://en.cppreference.com/w/cpp/utility/functional/move_only_function/move_only_function	https://en.cppreference.com/mwiki/index.php?title=Special:RecentChanges&feed=atom
https://ngildea.blogspot.com/2014/09/dual-contouring-chunked-terrain.html	1	[543772157428367364]	https://ngildea.blogspot.com/2014/09/dual-contouring-chunked-terrain.html	https://ngildea.blogspot.com/feeds/posts/default
https://techcommunity.microsoft.com/t5/windows-kernel-internals/hotpatching-on-windows/ba-p/2959541	1	[912691880905551892]	https://techcommunity.microsoft.com/t5/windows-kernel-internals/hotpatching-on-windows/ba-p/2959541	https://techcommunity.microsoft.com/gxcuf89792/rss/message?board.id=WindowsOSPlatform&message.id=506
https://blog.yiningkarlli.com/2019/05/nested-dielectrics.html	1	[588618172299477031]	https://blog.yiningkarlli.com/2019/05/nested-dielectrics.html	https://blog.yiningkarlli.com/feeds/posts/default/
https://zeux.io/2022/01/08/on-proebstings-law/	1	[929491254570537051]	https://zeux.io/2022/01/08/on-proebstings-law/	https://zeux.io/feed/
https://csantosbh.wordpress.com/2014/01/25/manual-texture-filtering-for-pixelated-games-in-webgl/	2	[640886138629783552]	https://csantosbh.wordpress.com/2014/01/25/manual-texture-filtering-for-pixelated-games-in-webgl/	https://csantosbh.wordpress.com/feed/	https://csantosbh.wordpress.com/2014/01/25/manual-texture-filtering-for-pixelated-games-in-webgl/feed/
https://0fps.net/2012/06/30/meshing-in-a-minecraft-game/	2	[552092088469159947]	https://0fps.net/2012/06/30/meshing-in-a-minecraft-game/	https://0fps.net/feed/	https://0fps.net/2012/06/30/meshing-in-a-minecraft-game/feed/
https://conclave-team.github.io/conclave-site/#coding-the-crdt	1	[490190376716599297]	https://conclave-team.github.io/conclave-site/#coding-the-crdt	https://conclave-team.github.io/conclave-site/feed.xml
https://blog.mattbierner.com/stupid-template-tricks-super-template-tetris/	1	[781281543255490580]	https://blog.mattbierner.com/stupid-template-tricks-super-template-tetris/	https://blog.mattbierner.com/atom.xml
https://devblogs.microsoft.com/oldnewthing/20220308-00/?p=106321	1	[952576150268416010]	https://devblogs.microsoft.com/oldnewthing/20220308-00/?p=106321	https://devblogs.microsoft.com/oldnewthing/feed
https://www.joelonsoftware.com/2005/05/11/making-wrong-code-look-wrong/	1	[329916503929389056]	https://www.joelonsoftware.com/2005/05/11/making-wrong-code-look-wrong/	https://www.joelonsoftware.com/feed/
https://benhoyt.com/writings/hash-table-in-c/	1	[825052102354272287]	https://benhoyt.com/writings	https://benhoyt.com/writings/rss.xml
https://lemire.me/blog/2020/03/10/fast-float-parsing-in-practice/	2	[1011932290122788904]	https://lemire.me/blog/2020/03/10/fast-float-parsing-in-practice/	https://lemire.me/blog/feed/	https://lemire.me/blog/2020/03/10/fast-float-parsing-in-practice/feed/
https://aras-p.info/blog/2020/12/08/Texture-Compression-in-2020/	1	[786057141429338112]	https://aras-p.info/blog/2020/12/08/Texture-Compression-in-2020/	https://aras-p.info/atom.xml
https://img.ly/blog/ultimate-guide-to-ffmpeg/	1	[1046912868060237964]	https://img.ly/blog/ultimate-guide-to-ffmpeg/	https://img.ly/blog/rss/
https://www.khronos.org/opengl/wiki/Common_Mistakes	1	[1042729998248837160]	https://www.khronos.org/opengl/wiki/Common_Mistakes	https://www.khronos.org/opengl/wiki_opengl/index.php?title=Special:RecentChanges&feed=atom
https://www.openmainframeproject.org/all-projects/cobolprogrammingcourse	1	[1021971227025354832]	https://www.openmainframeproject.org/all-projects/cobolprogrammingcourse	https://www.openmainframeproject.org/feed
https://code.visualstudio.com/blogs/2018/03/23/text-buffer-reimplementation	1	[710239534608285727]	https://code.visualstudio.com/blogs/2018/03/23/text-buffer-reimplementation	https://code.visualstudio.com/feed.xml
https://carld.github.io/2017/06/29/a-small-compiler-example.html	1	[674679123024805938]	https://carld.github.io/2017/06/29/a-small-compiler-example.html	https://carld.github.io/feed.xml
https://copypastepixel.blogspot.com/search/label/light%20volumes	1	[527138224099819541]	https://copypastepixel.blogspot.com/search/label/light%20volumes	https://copypastepixel.blogspot.com/feeds/posts/default
https://ottverse.com/eme-cenc-cdm-aes-keys-drm-digital-rights-management/	2	[773031323644330004]	https://ottverse.com/eme-cenc-cdm-aes-keys-drm-digital-rights-management/	https://ottverse.com/feed/	https://ottverse.com/eme-cenc-cdm-aes-keys-drm-digital-rights-management/feed/
https://devblogs.microsoft.com/oldnewthing/20220310-00/?p=106335	1	[952576150268416010]	https://devblogs.microsoft.com/oldnewthing/20220310-00/?p=106335	https://devblogs.microsoft.com/oldnewthing/feed
https://jamchamb.github.io/2018/06/09/animal-crossing-developer-mode.html	1	[495791121344233472]	https://jamchamb.github.io/2018/06/09/animal-crossing-developer-mode.html	https://jamchamb.net/feed.xml
https://oneraynyday.github.io/dev/2020/05/03/Analyzing-The-Simplest-C++-Program/	1	[714148528481501225]	https://oneraynyday.github.io/dev/2020/05/03/Analyzing-The-Simplest-C++-Program/	https://oneraynyday.github.io/atom.xml
https://blog.mozilla.org/blog/2017/11/29/announcing-the-initial-release-of-mozillas-open-source-speech-recognition-model-and-voice-dataset/	1	[385868272668639253]	https://blog.mozilla.org/blog/2017/11/29/announcing-the-initial-release-of-mozillas-open-source-speech-recognition-model-and-voice-dataset/	https://blog.mozilla.org/en/feed/
https://bartwronski.com/2021/01/18/is-this-a-branch/	2	[811213094554304524]	https://bartwronski.com/2021/01/18/is-this-a-branch/	https://bartwronski.com/feed/	https://bartwronski.com/2021/01/18/is-this-a-branch/feed/
https://research.csiro.au/tsblog/debugging-stories-stack-alignment-matters/	1	[668331394228944937]	https://research.csiro.au/tsblog/debugging-stories-stack-alignment-matters/	https://research.csiro.au/tsblog/debugging-stories-stack-alignment-matters/feed/
https://www.codeproject.com/Articles/5314559/Multi-Level-Cache-that-Does-Up-To-A-Billion-Lookup	3	[897635291752456234]	https://www.codeproject.com/Articles/5314559/Multi-Level-Cache-that-Does-Up-To-A-Billion-Lookup	https://www.codeproject.com/WebServices/ArticleRSS.aspx?cat=1	https://www.codeproject.com/WebServices/ArticleRSS.aspx?cat=34	https://www.codeproject.com/webservices/LoungeRSS.aspx
https://emeryberger.com/research/stabilizer/	2	[1056342265825595422]	https://emeryberger.com/research/stabilizer/	https://emeryberger.com/feed/	https://emeryberger.com/research/stabilizer/feed/
https://google.github.io/filament/Filament.md.html	1	[547358908918792204]	https://google.github.io/filament	https://google.github.io/filament/index.xml
https://fasterthanli.me/blog/2020/whats-in-a-linux-executable/	1	[725831802811449364]	https://fasterthanli.me/blog/2020/whats-in-a-linux-executable/	https://fasterthanli.me/index.xml
https://carld.github.io/2017/06/20/lisp-in-less-than-200-lines-of-c.html	1	[674678974596644924]	https://carld.github.io/2017/06/20/lisp-in-less-than-200-lines-of-c.html	https://carld.github.io/feed.xml
https://blender.stackexchange.com/questions/46825/render-with-a-wider-dynamic-range-in-cycles-to-produce-photorealistic-looking-im	1	[468666885140119564]	https://blender.stackexchange.com/questions/46825/render-with-a-wider-dynamic-range-in-cycles-to-produce-photorealistic-looking-im	https://blender.stackexchange.com/feeds/question/46825
https://gerlacdt.github.io/posts/classic-papers/	1	[885560449419063327]	https://gerlacdt.github.io/posts	https://gerlacdt.github.io/posts/index.xml
https://geidav.wordpress.com/2014/08/18/advanced-octrees-2-node-representations/	2	[552092245910749195]	https://geidav.wordpress.com/2014/08/18/advanced-octrees-2-node-representations/	https://geidav.wordpress.com/feed/	https://geidav.wordpress.com/2014/08/18/advanced-octrees-2-node-representations/feed/
https://probablydance.com/2019/08/28/a-new-algorithm-for-controlled-randomness/	2	[620685337341198429]	https://probablydance.com/2019/08/28/a-new-algorithm-for-controlled-randomness/	https://probablydance.com/feed/	https://probablydance.com/2019/08/28/a-new-algorithm-for-controlled-randomness/feed/
https://fasterthanli.me/series/dont-shell-out	1	[926689269202972722]	https://fasterthanli.me/series/dont-shell-out	https://fasterthanli.me/index.xml
https://gamedev.stackexchange.com/questions/81979/plot-hdr-tonemap-curves	1	[468666885140119564]	https://gamedev.stackexchange.com/questions/81979/plot-hdr-tonemap-curves	https://gamedev.stackexchange.com/feeds/question/81979
https://www.drdobbs.com/architecture-and-design/optimizing-pixomatic-for-x86-processors/184405765?queryText=michael%2Babrash	2	[910593870079864903]	https://www.drdobbs.com/architecture-and-design/optimizing-pixomatic-for-x86-processors/184405765?queryText=michael%2Babrash	https://www.drdobbs.com/rss/all	https://www.drdobbs.com/rss/all
https://magcius.github.io/xplain/article/x-basics.html	1	[735996844798115882]	https://magcius.github.io/xplain/article/x-basics.html	https://magcius.github.io/xplain/article/feed.xml
https://devblogs.microsoft.com/oldnewthing/20191209-00/?p=103195	1	[957387825957986326]	https://devblogs.microsoft.com/oldnewthing/20191209-00/?p=103195	https://devblogs.microsoft.com/oldnewthing/feed
https://xiph.org/video/vid1.shtml	1	[475875402900963348]	https://xiph.org/video/vid1.shtml	https://xiph.org/video/atom-feed.xml
https://monkeywritescode.blogspot.com/p/c-exceptions-under-hood.html	1	[875504175587418213]	https://monkeywritescode.blogspot.com/p/c-exceptions-under-hood.html	https://monkeywritescode.blogspot.com/feeds/posts/default
http://blog.leahhanson.us/post/recursecenter2016/haiku_icons.html	1	[680191739663089749]	http://blog.leahhanson.us/post/recursecenter2016/haiku_icons.html	http://blog.leahhanson.us/index.xml
https://csantosbh.wordpress.com/2014/02/05/automatically-detecting-the-texture-filter-threshold-for-pixelated-magnifications/	2	[640886138629783552]	https://csantosbh.wordpress.com/2014/02/05/automatically-detecting-the-texture-filter-threshold-for-pixelated-magnifications/	https://csantosbh.wordpress.com/feed/	https://csantosbh.wordpress.com/2014/02/05/automatically-detecting-the-texture-filter-threshold-for-pixelated-magnifications/feed/
https://marc-b-reynolds.github.io/distribution/2021/03/18/CheapGaussianApprox.html	1	[1063932966553780314]	https://marc-b-reynolds.github.io/distribution/2021/03/18/CheapGaussianApprox.html	https://marc-b-reynolds.github.io/feed.xml
https://interrupt.memfault.com/blog/c-struct-padding-initialization	1	[949031731212714014]	https://interrupt.memfault.com/blog/c-struct-padding-initialization	https://interrupt.memfault.com/feed.xml
https://nearcyan.com/you-probably-dont-need-recaptcha/	1	[929285440090046514]	https://nearcyan.com/you-probably-dont-need-recaptcha/	https://nearcyan.com/feed/
https://preshing.com/20171218/how-to-write-your-own-cpp-game-engine/	1	[681598952407302172]	https://preshing.com/20171218/how-to-write-your-own-cpp-game-engine/	https://preshing.com/feed
https://fasterthanli.me/articles/i-want-off-mr-golangs-wild-ride	1	[843195354006290492]	https://fasterthanli.me/articles/i-want-off-mr-golangs-wild-ride	https://fasterthanli.me/index.xml
https://windows-internals.com/i-o-rings-when-one-i-o-operation-is-not-enough/	1	[846830124921389067]	https://windows-internals.com/i-o-rings-when-one-i-o-operation-is-not-enough/	https://windows-internals.com/feed/
https://developer.chrome.com/blog/renderingng-architecture/	3	[869546459593343016]	https://developer.chrome.com/blog/renderingng-architecture/	https://developer.chrome.com/feeds/all.xml	https://developer.chrome.com/feeds/blog.xml	https://developer.chrome.com/feeds/articles.xml
https://xiph.org/video/vid2.shtml	1	[475875422169464843]	https://xiph.org/video/vid2.shtml	https://xiph.org/video/atom-feed.xml
https://interplayoflight.wordpress.com/2022/06/25/order-independent-transparency-part-1/	2	[990329767310016532]	https://interplayoflight.wordpress.com/2022/06/25/order-independent-transparency-part-1/	https://interplayoflight.wordpress.com/feed/	https://interplayoflight.wordpress.com/2022/06/25/order-independent-transparency-part-1/feed/
https://www.bepuentertainment.com/	1	[1025155115038023801]	https://www.bepuentertainment.com/	https://www.bepuentertainment.com/blog?format=rss
https://www.positech.co.uk/cliffsblog/2021/03/09/cpu-gpu-concurrency-in-video-games/	2	[825345019887091722]	https://www.positech.co.uk/cliffsblog/2021/03/09/cpu-gpu-concurrency-in-video-games/	https://www.positech.co.uk/cliffsblog/feed/	https://www.positech.co.uk/cliffsblog/2021/03/09/cpu-gpu-concurrency-in-video-games/feed/
https://kristerw.github.io/2021/10/19/fast-math/	1	[900185187856568331]	https://kristerw.github.io/2021/10/19/fast-math/	https://kristerw.github.io/feed.xml
https://erkaman.github.io/articles.html	1	[512698844073426946]	https://erkaman.github.io/articles.html	https://erkaman.github.io/rss.xml
https://factorio.com/blog/post/fff-317	1	[819574799247605760]	https://factorio.com/blog/post/fff-317	https://factorio.com/blog/rss
https://mattdesl.svbtle.com/drawing-lines-is-hard	1	[502256807088226315]	https://mattdesl.svbtle.com/drawing-lines-is-hard	https://mattdesl.svbtle.com/feed
https://travisdowns.github.io/blog/2019/05/22/sorting.html	1	[944171785497247757]	https://travisdowns.github.io/blog/2019/05/22/sorting.html	https://travisdowns.github.io/feed.xml
https://www.warp.dev/blog/adventures-text-rendering-kerning-glyph-atlases	2	[1002400895721553930]	https://www.warp.dev/blog/adventures-text-rendering-kerning-glyph-atlases	https://www.warp.dev/blog/rss.xml	https://www.warp.dev/blog/rss.xml
https://lemire.me/blog/2020/10/20/ridiculously-fast-unicode-utf-8-validation/	2	[768185492800929822]	https://lemire.me/blog/2020/10/20/ridiculously-fast-unicode-utf-8-validation/	https://lemire.me/blog/feed/	https://lemire.me/blog/2020/10/20/ridiculously-fast-unicode-utf-8-validation/feed/
https://www.redblobgames.com/	1	[640892238578057246]	https://www.redblobgames.com/	https://simblob.blogspot.com/feeds/posts/default
http://theory.stanford.edu/~amitp/GameProgramming/	1	[600466983531708417]	http://theory.stanford.edu/~amitp/GameProgramming/	https://simblob.blogspot.com/feeds/posts/default
https://old.reddit.com/r/roguelikedev/wiki/faq_friday	1	[701107883349377104]	https://old.reddit.com/r/roguelikedev/wiki/faq_friday	https://old.reddit.com/r/roguelikedev/wiki/faq_friday/.rss
https://jakearchibald.com/2020/avif-has-landed/	1	[755377733806194689]	https://jakearchibald.com/2020/avif-has-landed/	https://jakearchibald.com/posts.rss
https://dougallj.wordpress.com/2022/05/22/faster-crc32-on-the-apple-m1/	2	[1003700387854954678]	https://dougallj.wordpress.com/2022/05/22/faster-crc32-on-the-apple-m1/	https://dougallj.wordpress.com/feed/	https://dougallj.wordpress.com/2022/05/22/faster-crc32-on-the-apple-m1/feed/
https://www.silbinarywolf.com/post/189934380218/you-cant-just-query-if-a-controller-is-for-xbox	1	[777023461885214741]	https://www.silbinarywolf.com/post/189934380218/you-cant-just-query-if-a-controller-is-for-xbox	https://www.silbinarywolf.com/rss
https://kholdstare.github.io/technical/2020/05/26/faster-integer-parsing.html	1	[725836421104926821]	https://kholdstare.github.io/technical/2020/05/26/faster-integer-parsing.html	https://feeds.feedburner.com/Kholdcode
https://randomascii.wordpress.com/	1	[1042249607490572348]	https://randomascii.wordpress.com/	https://randomascii.wordpress.com/feed/
https://blog.cloudflare.com/when-bloom-filters-dont-bloom/	1	[684318173310222339]	https://blog.cloudflare.com/when-bloom-filters-dont-bloom/	https://blog.cloudflare.com/rss/
https://blog.discord.com/how-discord-stores-billions-of-messages-7fa6ec7ee4c7	1	[879815671276531753]	https://blog.discord.com/how-discord-stores-billions-of-messages-7fa6ec7ee4c7	https://discord.com/blog/rss.xml
https://www.npcglib.org/index.php	2	[690178410085089290]	https://www.npcglib.org/index.php	https://www.npcglib.org/rss/latest.xml	https://www.npcglib.org/rss/bibtex.xml
https://gpuopen.com/discovering-rdna/	1	[608902087237173299]	https://gpuopen.com/discovering-rdna/	https://gpuopen.com/feed/
https://dassur.ma/things/c-to-webassembly/	1	[583654168703664179]	https://dassur.ma/things/c-to-webassembly/	https://dassur.ma/index.xml
https://writing.kemitchell.com/2016/09/21/MIT-License-Line-by-Line.html	2	[626079607535173643]	https://writing.kemitchell.com/2016/09/21/MIT-License-Line-by-Line.html	https://writing.kemitchell.com/feed.xml	https://writing.kemitchell.com/atom.xml
https://qualapps.blogspot.com/2010/05/understanding-readdirectorychangesw.html	1	[481566399970541588 695240172891144232]	https://qualapps.blogspot.com/2010/05/understanding-readdirectorychangesw.html	https://qualapps.blogspot.com/feeds/posts/default
https://www.sebastiansylvan.com/post/the-perils-of-future-coding/	1	[718063724312657961]	https://www.sebastiansylvan.com/post/the-perils-of-future-coding/	https://www.sebastiansylvan.com/index.xml
https://os.phil-opp.com/	1	[946821893984505887]	https://os.phil-opp.com/	https://os.phil-opp.com/rss.xml
https://webrtchacks.com/real-time-video-processing-with-webcodecs-and-streams-processing-pipelines-part-1/	2	[1086943192789827714]	https://webrtchacks.com/real-time-video-processing-with-webcodecs-and-streams-processing-pipelines-part-1/	https://webrtchacks.com/feed/	https://webrtchacks.com/real-time-video-processing-with-webcodecs-and-streams-processing-pipelines-part-1/feed/
https://fgiesen.wordpress.com/2011/07/09/a-trip-through-the-graphics-pipeline-2011-index/	2	[623350357472444427 825878132308574219]	https://fgiesen.wordpress.com/2011/07/09/a-trip-through-the-graphics-pipeline-2011-index/	https://fgiesen.wordpress.com/feed/	https://fgiesen.wordpress.com/2011/07/09/a-trip-through-the-graphics-pipeline-2011-index/feed/
https://maskray.me/blog/2021-11-07-init-ctors-init-array	1	[908222376603430953]	https://maskray.me/blog/2021-11-07-init-ctors-init-array	https://maskray.me/blog/atom.xml
https://nullprogram.com/blog/2023/01/08/	1	[1061548481564655627]	https://nullprogram.com/blog/2023/01/08/	https://nullprogram.com/feed/
https://catonmat.net/ldd-arbitrary-code-execution	1	[848088762970144788]	https://catonmat.net/ldd-arbitrary-code-execution	https://catonmat.net/feed
https://unlimited3d.wordpress.com/2020/01/08/srgb-color-space-in-opengl/	2	[781685296177086465]	https://unlimited3d.wordpress.com/2020/01/08/srgb-color-space-in-opengl/	https://unlimited3d.wordpress.com/feed/	https://unlimited3d.wordpress.com/2020/01/08/srgb-color-space-in-opengl/feed/
https://www.puredevsoftware.com/blog/2019/01/21/gamma-encoding/	1	[683705772311576707]	https://www.puredevsoftware.com/blog/2019/01/21/gamma-encoding/	https://www.puredevsoftware.com/blog/feed/
https://eatplayhate.me/2013/09/17/adventures-in-engine-construction-rectangle-packing/	2	[615656361942056990]	https://eatplayhate.me/2013/09/17/adventures-in-engine-construction-rectangle-packing/	https://eatplayhate.me/feed/	https://eatplayhate.me/2013/09/17/adventures-in-engine-construction-rectangle-packing/feed/
https://www.engadget.com/2018/11/13/nasa-and-autodesk-testing-new-lander-designs/	1	[512070596096425984]	https://www.engadget.com/2018/11/13/nasa-and-autodesk-testing-new-lander-designs/	https://www.engadget.com/rss.xml
https://gamehacker1999.github.io/posts/bluenoiseerrors/	1	[850735264724549662]	https://gamehacker1999.github.io/posts	https://gamehacker1999.github.io/posts/index.xml
https://ericlippert.com/2020/02/27/hundred-year-mistakes/	2	[684968007683932172]	https://ericlippert.com/2020/02/27/hundred-year-mistakes/	https://ericlippert.com/feed/	https://ericlippert.com/2020/02/27/hundred-year-mistakes/feed/
https://raphlinus.github.io/ui/graphics/2020/09/13/compositor-is-evil.html	1	[755601275038597150]	https://raphlinus.github.io/ui/graphics/2020/09/13/compositor-is-evil.html	https://raphlinus.github.io/feed.xml
https://www.slideshare.net/DevCentralAMD/vertex-shader-tricks-bill-bilodeau	1	[835100170961158164]	https://www.slideshare.net/DevCentralAMD/vertex-shader-tricks-bill-bilodeau	https://www.slideshare.net/rss/latest
https://en.cppreference.com/w/cpp/io/basic_spanstream	1	[957339298447892512]	https://en.cppreference.com/w/cpp/io/basic_spanstream	https://en.cppreference.com/mwiki/index.php?title=Special:RecentChanges&feed=atom
https://floooh.github.io/2021/12/17/cycle-stepped-z80.html	1	[921869122403450960]	https://floooh.github.io/2021/12/17/cycle-stepped-z80.html	https://floooh.github.io/feed.xml
https://www.w3.org/TR/wai-aria-practices-1.2/	1	[910988775948161074]	https://www.w3.org/TR/wai-aria-practices-1.2/	https://www.w3.org/WAI/feed.xml
https://zeuxcg.org/2019/02/17/flavors-of-simd/	1	[547581563785838612]	https://zeuxcg.org/2019/02/17/flavors-of-simd/	https://zeuxcg.org/feed/
https://misc.flogisoft.com/bash/tip_colors_and_formatting	2	[761992805118902333]	https://misc.flogisoft.com/bash/tip_colors_and_formatting	https://misc.flogisoft.com/feed.php	https://misc.flogisoft.com/feed.php?mode=list&ns=bash
https://mynameismjp.wordpress.com/2016/10/09/sg-series-part-1-a-brief-and-incomplete-history-of-baked-lighting-representations/	2	[527138010886832133 527138173453860865]	https://mynameismjp.wordpress.com/2016/10/09/sg-series-part-1-a-brief-and-incomplete-history-of-baked-lighting-representations/	https://mynameismjp.wordpress.com/feed/	https://mynameismjp.wordpress.com/2016/10/09/sg-series-part-1-a-brief-and-incomplete-history-of-baked-lighting-representations/feed/
https://sf2platinum.wordpress.com/2020/10/15/row-scrolling-for-parallax-effects/	2	[766141360838410241]	https://sf2platinum.wordpress.com/2020/10/15/row-scrolling-for-parallax-effects/	https://sf2platinum.wordpress.com/feed/	https://sf2platinum.wordpress.com/2020/10/15/row-scrolling-for-parallax-effects/feed/
https://ndotl.wordpress.com/2016/02/02/rendering-painted-world-in-jg/	2	[884549303467651112]	https://ndotl.wordpress.com/2016/02/02/rendering-painted-world-in-jg/	https://ndotl.wordpress.com/feed/	https://ndotl.wordpress.com/2016/02/02/rendering-painted-world-in-jg/feed/
https://blog.demofox.org/2016/02/29/fast-voronoi-diagrams-and-distance-dield-textures-on-the-gpu-with-the-jump-flooding-algorithm/	1	[778263296817102860]	https://blog.demofox.org/2016/02/29/fast-voronoi-diagrams-and-distance-dield-textures-on-the-gpu-with-the-jump-flooding-algorithm/	https://blog.demofox.org/feed/
https://hackaday.com/2017/01/27/forth-the-hackers-language/	2	[618424653798440984]	https://hackaday.com/2017/01/27/forth-the-hackers-language/	https://hackaday.com/feed/	https://hackaday.com/2017/01/27/forth-the-hackers-language/feed/
https://garry.blog/making-a-game-2022/	2	[982316279719403541]	https://garry.blog/making-a-game-2022/	https://garry.blog/feed/	https://garry.blog/making-a-game-2022/feed/
https://seri.tools/blog/compiling-rust-for-legacy-windows/	1	[717025331684442142]	https://seri.tools/blog/compiling-rust-for-legacy-windows/	https://seri.tools/rss.xml
https://idea-instructions.com/	1	[534838019317039114]	https://idea-instructions.com/	https://idea-instructions.com/feed.xml
https://googleprojectzero.blogspot.com/2019/02/the-curious-case-of-convexity-confusion.html	1	[1031620073443561564]	https://googleprojectzero.blogspot.com/2019/02/the-curious-case-of-convexity-confusion.html	https://googleprojectzero.blogspot.com/feeds/posts/default
https://spdload.com/blog/poc-vs-prototype-vs-mvp/	2	[927525211413286962]	https://spdload.com/blog/poc-vs-prototype-vs-mvp/	https://spdload.com/feed/rss/	https://spdload.com/blog/poc-vs-prototype-vs-mvp/feed/
https://guyonbits.com/from-rodata-to-rwdata-introduction-to-memory-mapping-and-ld-scripts/	1	[967090759138430997]	https://guyonbits.com/from-rodata-to-rwdata-introduction-to-memory-mapping-and-ld-scripts/	https://guyonbits.com/feed/
https://devblogs.microsoft.com/oldnewthing/20211022-00/?p=105822	1	[902976025842049034]	https://devblogs.microsoft.com/oldnewthing/20211022-00/?p=105822	https://devblogs.microsoft.com/oldnewthing/feed
https://building.enlyze.com/posts/modern-visual-studio-meets-ancient-windows/	1	[895678556523348061]	https://building.enlyze.com/posts	https://building.enlyze.com/posts/index.xml
https://torust.me/rendering/irradiance-caching/spherical-gaussians/2018/09/21/spherical-gaussians.html	1	[527138173453860865]	https://torust.me/rendering/irradiance-caching/spherical-gaussians/2018/09/21/spherical-gaussians.html	https://torust.me/feed.xml
https://sourcehut.org/blog/2022-07-06-sourcehut-and-irc/	1	[994354968058396742]	https://sourcehut.org/blog/2022-07-06-sourcehut-and-irc/	https://sourcehut.org/blog/index.xml
https://www.codeproject.com/Articles/3479/The-Bip-Buffer-The-Circular-Buffer-with-a-Twist	3	[791763468307005450]	https://www.codeproject.com/Articles/3479/The-Bip-Buffer-The-Circular-Buffer-with-a-Twist	https://www.codeproject.com/WebServices/ArticleRSS.aspx?cat=1	https://www.codeproject.com/WebServices/ArticleRSS.aspx?cat=34	https://www.codeproject.com/webservices/LoungeRSS.aspx
http://raytracey.blogspot.com/2016/09/gpu-path-tracing-tutorial-4-optimised.html?m=1	1	[527366407416184833]	http://raytracey.blogspot.com/2016/09/gpu-path-tracing-tutorial-4-optimised.html?m=1	http://raytracey.blogspot.com/feeds/posts/default
https://zeux.io/2020/02/27/writing-an-efficient-vulkan-renderer/	1	[682992303966650404]	https://zeux.io/2020/02/27/writing-an-efficient-vulkan-renderer/	https://zeux.io/feed/
https://interplayoflight.wordpress.com/2022/07/02/order-independent-transparency-part-2/	2	[994301748585959424]	https://interplayoflight.wordpress.com/2022/07/02/order-independent-transparency-part-2/	https://interplayoflight.wordpress.com/feed/	https://interplayoflight.wordpress.com/2022/07/02/order-independent-transparency-part-2/feed/
https://www.copetti.org/writings/consoles/	1	[795881453522911232]	https://www.copetti.org/writings/consoles/	https://www.copetti.org/index.xml
https://raphlinus.github.io/text/2020/10/26/text-layout.html	1	[937574659988271186]	https://raphlinus.github.io/text/2020/10/26/text-layout.html	https://raphlinus.github.io/feed.xml
https://www.realworldtech.com/forum/?threadid=189711&curpostid=189723	2	[666898548968914954]	https://www.realworldtech.com/forum/?threadid=189711&curpostid=189723	https://www.realworldtech.com/feed/	https://www.realworldtech.com/forum/feed/
https://www.rfleury.com/p/untangling-lifetimes-the-arena-allocator	1	[1023260522147217408]	https://www.rfleury.com/p/untangling-lifetimes-the-arena-allocator	https://www.rfleury.com/feed
https://gamehacker1999.github.io/posts/retargetingpass/	1	[850735264724549662]	https://gamehacker1999.github.io/posts	https://gamehacker1999.github.io/posts/index.xml
https://blog.yiningkarlli.com/2021/09/neon-vs-sse.html	1	[885013449275502614]	https://blog.yiningkarlli.com/2021/09/neon-vs-sse.html	https://blog.yiningkarlli.com/feeds/posts/default/
https://www.nowherenearithaca.com/2013/05/robert-floyds-tiny-and-beautiful.html	1	[869602351705624576]	https://www.nowherenearithaca.com/2013/05/robert-floyds-tiny-and-beautiful.html	https://www.nowherenearithaca.com/feeds/posts/default
https://wallisc.github.io/rendering/2020/05/02/Volumetric-Rendering-Part-1.html	1	[791016668859727903]	https://wallisc.github.io/rendering/2020/05/02/Volumetric-Rendering-Part-1.html	https://wallisc.github.io//feed.xml
https://travisdowns.github.io/blog/2020/01/17/avxfreq1.html	1	[668771107612000286]	https://travisdowns.github.io/blog/2020/01/17/avxfreq1.html	https://travisdowns.github.io/feed.xml
https://0fps.net/2012/07/12/smooth-voxel-terrain-part-2/	2	[552091999872745474]	https://0fps.net/2012/07/12/smooth-voxel-terrain-part-2/	https://0fps.net/feed/	https://0fps.net/2012/07/12/smooth-voxel-terrain-part-2/feed/
https://bruop.github.io/frustum_culling/	1	[830647805399400468]	https://bruop.github.io/frustum_culling/	https://bruop.github.io/rss.xml
https://halt.software/libraries-in-c-prefix-or-not/	1	[618732862555947020]	https://halt.software/libraries-in-c-prefix-or-not/	https://halt.software/rss/
https://maxliani.wordpress.com/2022/07/27/anatomy-of-a-task-scheduler/	2	[1002914416171417670]	https://maxliani.wordpress.com/2022/07/27/anatomy-of-a-task-scheduler/	https://maxliani.wordpress.com/feed/	https://maxliani.wordpress.com/2022/07/27/anatomy-of-a-task-scheduler/feed/
https://zeux.io/2020/08/02/eight-years-at-roblox/	1	[740161856148209695]	https://zeux.io/2020/08/02/eight-years-at-roblox/	https://zeux.io/feed/
https://stackoverflow.blog/2021/07/28/700000-lines-of-code-20-years-and-one-developer-how-dwarf-fortress-is-built/	2	[870351123855343667]	https://stackoverflow.blog/2021/07/28/700000-lines-of-code-20-years-and-one-developer-how-dwarf-fortress-is-built/	https://stackoverflow.blog/feed/	https://stackoverflow.blog/2021/12/31/700000-lines-of-code-20-years-and-one-developer-how-dwarf-fortress-is-built/feed/
https://zhangdoa.com/posts/rendering-analysis-cyberpunk-2077	1	[790202770736545823]	https://zhangdoa.com/posts/rendering-analysis-cyberpunk-2077	https://zhangdoa.com/rss.xml
https://blog.cloudflare.com/branch-predictor/	1	[841953334754541568]	https://blog.cloudflare.com/branch-predictor/	https://blog.cloudflare.com/rss/
https://devblogs.nvidia.com/vulkan-raytracing/	1	[500065120039206922]	https://devblogs.nvidia.com/vulkan-raytracing/	https://developer.nvidia.com/blog/vulkan-raytracing/feed/
https://www.mattkeeter.com/research/mpr/	1	[856105555499941888]	https://www.mattkeeter.com/research	https://www.mattkeeter.com/atom.xml
https://travisdowns.github.io/blog/2019/11/19/toupper.html	1	[646511798589063168]	https://travisdowns.github.io/blog/2019/11/19/toupper.html	https://travisdowns.github.io/feed.xml
https://preshing.com/20110504/hash-collision-probabilities/	1	[529034448969269248]	https://preshing.com/20110504/hash-collision-probabilities/	https://preshing.com/feed
https://chipsandcheese.com/2022/11/08/amds-zen-4-part-2-memory-subsystem-and-conclusion/	2	[1039673702884855828]	https://chipsandcheese.com/2022/11/08/amds-zen-4-part-2-memory-subsystem-and-conclusion/	https://chipsandcheese.com/feed/	https://chipsandcheese.com/2022/11/08/amds-zen-4-part-2-memory-subsystem-and-conclusion/feed/
https://www.khronos.org/blog/vulkan-releases-unified-samples-repository	2	[639505144152719371]	https://www.khronos.org/blog/vulkan-releases-unified-samples-repository	https://www.khronos.org/feeds/news_feed	https://www.khronos.org/feeds/news_feed
https://blog.demofox.org/2017/11/21/floating-point-precision/	2	[614461707351359488]	https://blog.demofox.org/2017/11/21/floating-point-precision/	https://blog.demofox.org/feed/	https://blog.demofox.org/2017/11/21/floating-point-precision/feed/
https://cohost.org/rgmechex	1	[1077364967822610482]	https://cohost.org/rgmechex	https://cohost.org/rgmechex/rss/public.atom
https://mankrip.tumblr.com/post/631533857388314624/graphical-breakthroughs-in-the-retroquad-engine	1	[764428494150959156]	https://mankrip.tumblr.com/post/631533857388314624/graphical-breakthroughs-in-the-retroquad-engine	https://mankrip.tumblr.com/rss
https://devblogs.microsoft.com/premier-developer/managed-object-internals-part-3-the-layout-of-a-managed-array-3/	1	[705840550695403542]	https://devblogs.microsoft.com/premier-developer/managed-object-internals-part-3-the-layout-of-a-managed-array-3/	https://devblogs.microsoft.com/premier-developer/feed/
https://bartwronski.com/2021/02/15/bilinear-down-upsampling-pixel-grids-and-that-half-pixel-offset/	2	[811328717821050892]	https://bartwronski.com/2021/02/15/bilinear-down-upsampling-pixel-grids-and-that-half-pixel-offset/	https://bartwronski.com/feed/	https://bartwronski.com/2021/02/15/bilinear-down-upsampling-pixel-grids-and-that-half-pixel-offset/feed/
https://codeberg.org/drummyfish/tinyphysicsengine/	2	[1029840472295874580]	https://codeberg.org/drummyfish/tinyphysicsengine/	https://codeberg.org/drummyfish/tinyphysicsengine.atom	https://codeberg.org/drummyfish/tinyphysicsengine.rss
https://maskray.me/blog/2021-10-31-relative-relocations-and-relr	1	[904922864610865252]	https://maskray.me/blog/2021-10-31-relative-relocations-and-relr	https://maskray.me/blog/atom.xml
https://www.redblobgames.com/articles/visibility/	1	[450047541036449802]	https://www.redblobgames.com/articles/visibility/	https://simblob.blogspot.com/feeds/posts/default
https://mynameismjp.wordpress.com/2013/09/10/shadow-maps/	2	[627936158638407708]	https://mynameismjp.wordpress.com/2013/09/10/shadow-maps/	https://mynameismjp.wordpress.com/feed/	https://mynameismjp.wordpress.com/2013/09/10/shadow-maps/feed/
https://www.sebastiansylvan.com/post/matrix_naming_convention/	1	[340551053210550273]	https://www.sebastiansylvan.com/post/matrix_naming_convention/	https://www.sebastiansylvan.com/index.xml
https://iradicator.com/fast-inverse-smoothstep/	1	[745027440585474182]	https://iradicator.com/fast-inverse-smoothstep/	https://iradicator.com/feed/
https://renderdiagrams.org/	1	[548127047726137373]	https://renderdiagrams.org/	https://renderdiagrams.org/feed/
https://floooh.github.io/2018/06/17/handles-vs-pointers.html	1	[820968315282784306]	https://floooh.github.io/2018/06/17/handles-vs-pointers.html	https://floooh.github.io/feed.xml
https://blog.stephencleary.com/2012/02/async-and-await.html	1	[343737562130677761]	https://blog.stephencleary.com/2012/02/async-and-await.html	https://feeds.feedburner.com/NitoPrograms
https://www.positech.co.uk/cliffsblog/2019/04/01/cliffs-guide-to-optimisation-tools-for-c-games-in-2019/?utm_source=feedburner&utm_medium=feed&utm_campaign=Feed%3A+cliffski+%28Cliffski%27s+Blog%29	2	[563508526723498031]	https://www.positech.co.uk/cliffsblog/2019/04/01/cliffs-guide-to-optimisation-tools-for-c-games-in-2019/?utm_source=feedburner&utm_medium=feed&utm_campaign=Feed%3A+cliffski+%28Cliffski%27s+Blog%29	https://www.positech.co.uk/cliffsblog/feed/	https://www.positech.co.uk/cliffsblog/2019/04/01/cliffs-guide-to-optimisation-tools-for-c-games-in-2019/feed/
https://gpuopen.com/amd-vega-7nm-instruction-set-architecture-documentation/	1	[704751054104952852]	https://gpuopen.com/amd-vega-7nm-instruction-set-architecture-documentation/	https://gpuopen.com/feed/
https://googleprojectzero.blogspot.co.at/2018/01/reading-privileged-memory-with-side.html	1	[398268436716716062]	https://googleprojectzero.blogspot.co.at/2018/01/reading-privileged-memory-with-side.html	https://googleprojectzero.blogspot.com/feeds/posts/default
https://googleprojectzero.blogspot.com/2016/02/the-definitive-guide-on-win32-to-nt.html	1	[863442080465289246]	https://googleprojectzero.blogspot.com/2016/02/the-definitive-guide-on-win32-to-nt.html	https://googleprojectzero.blogspot.com/feeds/posts/default
https://ndotl.wordpress.com/2018/08/29/baking-artifact-free-lightmaps/	2	[527138010886832133]	https://ndotl.wordpress.com/2018/08/29/baking-artifact-free-lightmaps/	https://ndotl.wordpress.com/feed/	https://ndotl.wordpress.com/2018/08/29/baking-artifact-free-lightmaps/feed/
https://www.rfleury.com/	1	[1077902240335020074]	https://www.rfleury.com/	https://www.rfleury.com/feed
https://www.mattkeeter.com/blog/2022-10-04-ssra/	1	[1026946451135283301]	https://www.mattkeeter.com/blog/2022-10-04-ssra/	https://www.mattkeeter.com/atom.xml
https://kingdomakrillic.tumblr.com/post/178254875891/i-figured-out-how-to-get-esrgan-and-sftgan	1	[539774771299090442]	https://kingdomakrillic.tumblr.com/post/178254875891/i-figured-out-how-to-get-esrgan-and-sftgan	https://kingdomakrillic.tumblr.com/rss
https://community.arm.com/developer/tools-software/graphics/b/blog/posts/mali-performance-7-accelerating-2d-rendering-using-opengl-es	4	[740291267799417061]	https://community.arm.com/developer/tools-software/graphics/b/blog/posts/mali-performance-7-accelerating-2d-rendering-using-opengl-es	https://community.arm.com/arm-community-blogs/b/graphics-gaming-and-vr-blog/rss	https://community.arm.com/arm-community-blogs/b/graphics-gaming-and-vr-blog/atom	https://community.arm.com/arm-community-blogs/b/graphics-gaming-and-vr-blog/rsscomments	https://community.arm.com/arm-community-blogs/b/graphics-gaming-and-vr-blog/rsscomments?WeblogPostID=11202
https://fgiesen.wordpress.com/2018/09/27/reading-bits-in-far-too-many-ways-part-3/	2	[495296463962767360]	https://fgiesen.wordpress.com/2018/09/27/reading-bits-in-far-too-many-ways-part-3/	https://fgiesen.wordpress.com/feed/	https://fgiesen.wordpress.com/2018/09/27/reading-bits-in-far-too-many-ways-part-3/feed/
https://blog.molecular-matters.com/2015/08/24/job-system-2-0-lock-free-work-stealing-part-1-basics/	2	[308278928219570186]	https://blog.molecular-matters.com/2015/08/24/job-system-2-0-lock-free-work-stealing-part-1-basics/	https://blog.molecular-matters.com/feed/	https://blog.molecular-matters.com/2015/08/24/job-system-2-0-lock-free-work-stealing-part-1-basics/feed/
https://probablydance.com/2019/03/09/a-programmers-take-on-six-memos-for-the-next-millenium/	2	[560633372322299904]	https://probablydance.com/2019/03/09/a-programmers-take-on-six-memos-for-the-next-millenium/	https://probablydance.com/feed/	https://probablydance.com/2019/03/09/a-programmers-take-on-six-memos-for-the-next-millenium/feed/
https://raphlinus.github.io/ui/graphics/gpu/2021/10/22/swapchain-frame-pacing.html	1	[901307102209929257 904066496769183754]	https://raphlinus.github.io/ui/graphics/gpu/2021/10/22/swapchain-frame-pacing.html	https://raphlinus.github.io/feed.xml
https://blog.grijjy.com/2018/08/29/creating-high-performance-udp-servers-on-windows-and-linux/	2	[895225681951195136]	https://blog.grijjy.com/2018/08/29/creating-high-performance-udp-servers-on-windows-and-linux/	https://blog.grijjy.com/feed/	https://blog.grijjy.com/2018/08/29/creating-high-performance-udp-servers-on-windows-and-linux/feed/
https://en.cppreference.com/w/cpp/header/execution	1	[957339298447892512]	https://en.cppreference.com/w/cpp/header/execution	https://en.cppreference.com/mwiki/index.php?title=Special:RecentChanges&feed=atom
https://blogs.windows.com/windowsexperience/2015/02/23/windows-shapes-the-worlds-languages/	1	[671278903788044309]	https://blogs.windows.com/windowsexperience/2015/02/23/windows-shapes-the-worlds-languages/	https://blogs.windows.com/windowsexperience/2015/02/23/windows-shapes-the-worlds-languages/feed/
https://thephd.dev/c23-is-coming-here-is-what-is-on-the-menu	2	[1005094801080852560]	https://thephd.dev/c23-is-coming-here-is-what-is-on-the-menu	https://thephd.dev/feed.xml	https://thephd.dev/feed.xml
https://blog.demofox.org/2020/03/01/using-low-discrepancy-sequences-blue-noise-in-loot-drop-tables-for-games/	2	[684139453966581765]	https://blog.demofox.org/2020/03/01/using-low-discrepancy-sequences-blue-noise-in-loot-drop-tables-for-games/	https://blog.demofox.org/feed/	https://blog.demofox.org/2020/03/01/using-low-discrepancy-sequences-blue-noise-in-loot-drop-tables-for-games/feed/
https://www.codeproject.com/Articles/1185449/Performance-of-a-Circular-Buffer-vs-Vector-Deque-a	3	[703346605448888471]	https://www.codeproject.com/Articles/1185449/Performance-of-a-Circular-Buffer-vs-Vector-Deque-a	https://www.codeproject.com/WebServices/ArticleRSS.aspx?cat=1	https://www.codeproject.com/WebServices/ArticleRSS.aspx?cat=34	https://www.codeproject.com/webservices/LoungeRSS.aspx
https://travisdowns.github.io/blog/2019/06/11/speed-limits.html	1	[604123253711044618]	https://travisdowns.github.io/blog/2019/06/11/speed-limits.html	https://travisdowns.github.io/feed.xml
https://eatplayhate.me/2013/09/29/d3d11-texture-update-costs/	2	[770046783304237076]	https://eatplayhate.me/2013/09/29/d3d11-texture-update-costs/	https://eatplayhate.me/feed/	https://eatplayhate.me/2013/09/29/d3d11-texture-update-costs/feed/
https://virtuallyfun.com/wordpress/2020/05/22/examining-windows-1-0-hello-c/	2	[714616654406877275]	https://virtuallyfun.com/wordpress/2020/05/22/examining-windows-1-0-hello-c/	https://virtuallyfun.com/feed/	https://virtuallyfun.com/2020/05/22/examining-windows-1-0-hello-c/feed/
https://gpuopen.com/rdna2-isa-available/	1	[788159629045006356]	https://gpuopen.com/rdna2-isa-available/	https://gpuopen.com/feed/
https://www.slideshare.net/DICEStudio/high-dynamic-range-color-grading-and-display-in-frostbite	1	[518923734531178519]	https://www.slideshare.net/DICEStudio/high-dynamic-range-color-grading-and-display-in-frostbite	https://www.slideshare.net/rss/latest
https://maxliani.wordpress.com/2021/09/01/undo-the-art-of-part-1/	2	[998315057865822329]	https://maxliani.wordpress.com/2021/09/01/undo-the-art-of-part-1/	https://maxliani.wordpress.com/feed/	https://maxliani.wordpress.com/2021/09/01/undo-the-art-of-part-1/feed/
https://themaister.net/blog/2018/08/25/pseudo-bandlimited-pixel-art-filtering-in-3d-a-mathematical-derivation/	2	[806302805794357309]	https://themaister.net/blog/2018/08/25/pseudo-bandlimited-pixel-art-filtering-in-3d-a-mathematical-derivation/	https://themaister.net/blog/feed/	https://themaister.net/blog/2018/08/25/pseudo-bandlimited-pixel-art-filtering-in-3d-a-mathematical-derivation/feed/
http://filmicworlds.com/blog/filmic-tonemapping-with-piecewise-power-curves/	1	[468666885140119564]	http://filmicworlds.com/blog/filmic-tonemapping-with-piecewise-power-curves/	http://filmicworlds.com/feed.xml
https://dolphin-emu.org/blog/2017/07/30/ubershaders/	1	[401387799095410689]	https://dolphin-emu.org/blog/2017/07/30/ubershaders/	https://dolphin-emu.org/blog/feeds/
https://en.cppreference.com/w/cpp/language/injected-class-name	1	[955503248809287760]	https://en.cppreference.com/w/cpp/language/injected-class-name	https://en.cppreference.com/mwiki/index.php?title=Special:RecentChanges&feed=atom
https://code.fb.com/developer-tools/f14/	1	[571512638023139331]	https://code.fb.com/developer-tools/f14/	https://engineering.fb.com/feed/
http://nominolo.blogspot.com/2012/07/implementing-fast-interpreters.html	1	[1042785376512790590]	http://nominolo.blogspot.com/2012/07/implementing-fast-interpreters.html	http://nominolo.blogspot.com/feeds/posts/default
https://stopa.io/post/269	2	[778261401944195073]	https://stopa.io/post/269	https://stopa.io/feed.rss	https://stopa.io/feed.atom
https://mynameismjp.wordpress.com/2018/09/08/breaking-down-barriers-part-5-back-to-the-real-world/	2	[488794487871635456]	https://mynameismjp.wordpress.com/2018/09/08/breaking-down-barriers-part-5-back-to-the-real-world/	https://mynameismjp.wordpress.com/feed/	https://mynameismjp.wordpress.com/2018/09/08/breaking-down-barriers-part-5-back-to-the-real-world/feed/
https://devblogs.microsoft.com/oldnewthing/20220307-00/?p=106317	1	[952576150268416010]	https://devblogs.microsoft.com/oldnewthing/20220307-00/?p=106317	https://devblogs.microsoft.com/oldnewthing/feed
https://arstechnica.com/gadgets/2019/08/unix-at-50-it-starts-with-a-mainframe-a-gator-and-three-dedicated-researchers/	1	[617431048401453071]	https://arstechnica.com/gadgets/2019/08/unix-at-50-it-starts-with-a-mainframe-a-gator-and-three-dedicated-researchers/	http://feeds.arstechnica.com/arstechnica/index
https://www.microsoft.com/en-us/research/people/lamport/	1	[428707581234774016]	https://www.microsoft.com/en-us/research/people	https://www.microsoft.com/en-us/research/feed/
https://www.positech.co.uk/cliffsblog/2020/02/12/rethinking-the-game-dev-productivity-gap/	2	[677167144395341825]	https://www.positech.co.uk/cliffsblog/2020/02/12/rethinking-the-game-dev-productivity-gap/	https://www.positech.co.uk/cliffsblog/feed/	https://www.positech.co.uk/cliffsblog/2020/02/12/rethinking-the-game-dev-productivity-gap/feed/
https://blogs.msdn.microsoft.com/oldnewthing/20190307-00/?p=101115	1	[553620945730797579]	https://blogs.msdn.microsoft.com/oldnewthing/20190307-00/?p=101115	https://devblogs.microsoft.com/oldnewthing/feed
https://gafferongames.com/post/fix_your_timestep/	1	[761343132356444160]	https://gafferongames.com/post	https://gafferongames.com/post/index.xml
https://observablehq.com/@pallada-92/3d-engine-in-dna-code	3	[783076802196668426]	https://observablehq.com/@pallada-92/3d-engine-in-dna-code	https://api.observablehq.com/documents/@pallada-92.rss	https://api.observablehq.com/collection/@observablehq/2020-most-viewed-notebooks.rss	https://api.observablehq.com/collection/@pallada-92/3d-engine-in-dna-code.rss
https://en.cppreference.com/w/cpp/utility/functional/invoke	1	[957339298447892512]	https://en.cppreference.com/w/cpp/utility/functional/invoke	https://en.cppreference.com/mwiki/index.php?title=Special:RecentChanges&feed=atom
https://gpuopen.com/events/gdc-2022/	1	[957194271511957544]	https://gpuopen.com/events/gdc-2022/	https://gpuopen.com/feed/
https://gcc.gnu.org/wiki/Atomic/GCCMM/AtomicSync	1	[1040922471471259678]	https://gcc.gnu.org/wiki/Atomic/GCCMM/AtomicSync	https://gcc.gnu.org/wiki/Atomic/GCCMM/AtomicSync?diffs=1&show_att=1&action=rss_rc&unique=0&page=Atomic%2FGCCMM%2FAtomicSync&ddiffs=1
https://fgiesen.wordpress.com/2018/03/05/a-whirlwind-introduction-to-dataflow-graphs/	2	[488357038095728641]	https://fgiesen.wordpress.com/2018/03/05/a-whirlwind-introduction-to-dataflow-graphs/	https://fgiesen.wordpress.com/feed/	https://fgiesen.wordpress.com/2018/03/05/a-whirlwind-introduction-to-dataflow-graphs/feed/
https://www.alanzucconi.com/2021/01/24/linear-interpolation/	2	[811328592948101192]	https://www.alanzucconi.com/2021/01/24/linear-interpolation/	https://www.alanzucconi.com/feed/	https://www.alanzucconi.com/2021/01/24/linear-interpolation/feed/
https://hillelwayne.com/post/why-dont-people-use-formal-methods/	1	[932805318856019988]	https://hillelwayne.com/post	https://www.hillelwayne.com/post/index.xml
https://www.khronos.org/blog/liaison-between-khronos-and-open-geospatial-consortium-leads-to-3d-tiles-community-standard-built-on-gltf-for-streaming-massive-models	2	[549995095194075139]	https://www.khronos.org/blog/liaison-between-khronos-and-open-geospatial-consortium-leads-to-3d-tiles-community-standard-built-on-gltf-for-streaming-massive-models	https://www.khronos.org/feeds/news_feed	https://www.khronos.org/feeds/news_feed
https://devblogs.microsoft.com/windows-music-dev/unofficial-windows-10-audio-workstation-build-and-tweak-guide-part-2/	2	[833001992259502100]	https://devblogs.microsoft.com/windows-music-dev/unofficial-windows-10-audio-workstation-build-and-tweak-guide-part-2/	https://devblogs.microsoft.com/windows-music-dev/feed/	https://devblogs.microsoft.com/windows-music-dev/unofficial-windows-10-audio-workstation-build-and-tweak-guide-part-2/feed/
http://www.righto.com/2023/01/inside-8086-processors-instruction.html	1	[1060068929982173184]	http://www.righto.com/2023/01/inside-8086-processors-instruction.html	http://www.righto.com/feeds/posts/default
https://probablydance.com/2019/12/30/measuring-mutexes-spinlocks-and-how-bad-the-linux-scheduler-really-is/	2	[662662690056962058]	https://probablydance.com/2019/12/30/measuring-mutexes-spinlocks-and-how-bad-the-linux-scheduler-really-is/	https://probablydance.com/feed/	https://probablydance.com/2019/12/30/measuring-mutexes-spinlocks-and-how-bad-the-linux-scheduler-really-is/feed/
https://thephd.dev/ever-closer-c23-improvements	2	[948290228844634142]	https://thephd.dev/ever-closer-c23-improvements	https://thephd.dev/feed.xml	https://thephd.dev/feed.xml
https://www.sceen.net/x1/	1	[529402717370712084]	https://www.sceen.net/x1/	https://www.sceen.net/feed/
https://stackoverflow.blog/2020/07/08/improving-performance-with-simd-intrinsics-in-three-use-cases/	2	[871372610116661338]	https://stackoverflow.blog/2020/07/08/improving-performance-with-simd-intrinsics-in-three-use-cases/	https://stackoverflow.blog/feed/	https://stackoverflow.blog/2020/07/08/improving-performance-with-simd-intrinsics-in-three-use-cases/feed/
https://www.codeproject.com/Articles/13601/COM-in-plain-C#C	3	[879861126660259860]	https://www.codeproject.com/Articles/13601/COM-in-plain-C#C	https://www.codeproject.com/WebServices/ArticleRSS.aspx?cat=1	https://www.codeproject.com/WebServices/ArticleRSS.aspx?cat=34	https://www.codeproject.com/webservices/LoungeRSS.aspx
http://eastfarthing.com/blog/2020-09-14-decoder/	1	[755389123371728907]	http://eastfarthing.com/blog/2020-09-14-decoder/	http://eastfarthing.com/blog/feed.xml
https://devblogs.microsoft.com/oldnewthing/20220321-00/?p=106367	1	[955503248809287760]	https://devblogs.microsoft.com/oldnewthing/20220321-00/?p=106367	https://devblogs.microsoft.com/oldnewthing/feed
http://www.leancrew.com/all-this/2011/12/more-shell-less-egg/	1	[245447288196038656]	http://www.leancrew.com/all-this/2011/12/more-shell-less-egg/	https://leancrew.com/all-this/feed/
https://www.html5rocks.com/en/tutorials/internals/howbrowserswork/	1	[373428919900307457]	https://www.html5rocks.com/en/tutorials/internals/howbrowserswork/	https://www.html5rocks.com/feed.xml
http://extremelearning.com.au/	1	[852493369980354591]	http://extremelearning.com.au/	http://extremelearning.com.au/feed/
https://blog.ffwll.ch/2013/01/i915gem-crashcourse-overview.html	1	[483915518307205122]	https://blog.ffwll.ch/2013/01/i915gem-crashcourse-overview.html	http://blog.ffwll.ch/feed.xml
https://hacks.mozilla.org/2022/11/improving-firefox-stability-with-this-one-weird-trick	1	[1045424570678653011]	https://hacks.mozilla.org/2022/11/improving-firefox-stability-with-this-one-weird-trick	https://hacks.mozilla.org/feed/
http://blog.wolfire.com/2010/04/Catching-baked-shadows	1	[527138089219391488]	http://blog.wolfire.com/2010/04/Catching-baked-shadows	http://feeds.feedburner.com/WolfireGames
https://devblogs.microsoft.com/premier-developer/managed-object-internals-part-1-layout/	2	[705840550695403542]	https://devblogs.microsoft.com/premier-developer/managed-object-internals-part-1-layout/	https://devblogs.microsoft.com/premier-developer/feed/	https://devblogs.microsoft.com/premier-developer/managed-object-internals-part-1-layout/feed/
http://jamie-wong.com/post/color/	1	[468666885140119564]	http://jamie-wong.com/post/color/	http://jamie-wong.com/atom.xml
http://blog.reverberate.org/2016/11/07/introducing-bloaty-mcbloatface.html	1	[245406484077346816]	http://blog.reverberate.org/2016/11/07/introducing-bloaty-mcbloatface.html	https://blog.reverberate.org/feed.xml
http://www.adammil.net/blog/v125_Roguelike_Vision_Algorithms.html	1	[841102276802510870]	http://www.adammil.net/blog/v125_Roguelike_Vision_Algorithms.html	http://www.adammil.net/blog/rss.xml
https://devblogs.microsoft.com/premier-developer/managed-object-internals-part-4-fields-layout/	1	[705840550695403542]	https://devblogs.microsoft.com/premier-developer/managed-object-internals-part-4-fields-layout/	https://devblogs.microsoft.com/premier-developer/feed/
https://blog.uhawkvr.com/rendering/rendering-volumetric-clouds-using-signed-distance-fields/	2	[707661049452691618]	https://blog.uhawkvr.com/rendering/rendering-volumetric-clouds-using-signed-distance-fields/	https://blog.uhawkvr.com/feed/	https://blog.uhawkvr.com/rendering/rendering-volumetric-clouds-using-signed-distance-fields/feed/
http://code4k.blogspot.com/2010/12/crinkler-secrets-4k-intro-executable.html	1	[667502544167370773]	http://code4k.blogspot.com/2010/12/crinkler-secrets-4k-intro-executable.html	http://code4k.blogspot.com/feeds/posts/default
https://probablydance.com/2020/08/31/on-modern-hardware-the-min-max-heap-beats-a-binary-heap/	2	[750781037898104962]	https://probablydance.com/2020/08/31/on-modern-hardware-the-min-max-heap-beats-a-binary-heap/	https://probablydance.com/feed/	https://probablydance.com/2020/08/31/on-modern-hardware-the-min-max-heap-beats-a-binary-heap/feed/
http://kylehalladay.com/blog/2020/05/20/Rendering-With-Notepad.html	1	[712783188425965578]	http://kylehalladay.com/blog/2020/05/20/Rendering-With-Notepad.html	http://kylehalladay.com/atom.xml
https://thenumbat.github.io/Exponential-Rotations/	1	[965853463646978088]	https://thenumbat.github.io/Exponential-Rotations/	https://thenumbat.github.io/feed.xml
https://beta.observablehq.com/@mbostock/predator-and-prey	2	[455070079747620918]	https://beta.observablehq.com/@mbostock/predator-and-prey	https://api.observablehq.com/documents/@mbostock.rss	https://api.observablehq.com/collection/@observablehq/explorables.rss
http://www.adriancourreges.com/blog/2016/09/09/doom-2016-graphics-study/	1	[901551229698728028]	http://www.adriancourreges.com/blog/2016/09/09/doom-2016-graphics-study/	http://www.adriancourreges.com/atom.xml
https://thesephist.com/posts/pl/	1	[782152944299802626]	https://thesephist.com/posts/pl/	https://thesephist.com/index.xml
http://hacksoflife.blogspot.com/2015/06/beating-experts.html	1	[905239583971741756]	http://hacksoflife.blogspot.com/2015/06/beating-experts.html	http://hacksoflife.blogspot.com/feeds/posts/default
https://www.codeproject.com/Articles/1202772/Color-Topics-for-Programmers	3	[393609903450619904]	https://www.codeproject.com/Articles/1202772/Color-Topics-for-Programmers	https://www.codeproject.com/WebServices/ArticleRSS.aspx?cat=1	https://www.codeproject.com/WebServices/ArticleRSS.aspx?cat=34	https://www.codeproject.com/webservices/LoungeRSS.aspx
https://www.hanshq.net/zip.html	1	[685690871831855149]	https://www.hanshq.net/zip.html	https://www.hanshq.net/feed.rss
http://clintonbrennan.com/2013/12/lockstep-implementation-in-unity3d/	2	[494181345187332126]	http://clintonbrennan.com/2013/12/lockstep-implementation-in-unity3d/	http://clintonbrennan.com/feed/	http://clintonbrennan.com/2013/12/lockstep-implementation-in-unity3d/feed/
https://flatassembler.net/docs.php?article=ufasm	1	[690596743070482473]	https://flatassembler.net/docs.php?article=ufasm	http://flatassembler.net/atom.php
https://arstechnica.com/gaming/2011/08/accuracy-takes-power-one-mans-3ghz-quest-to-build-a-perfect-snes-emulator/	1	[928318118609158225]	https://arstechnica.com/gaming/2011/08/accuracy-takes-power-one-mans-3ghz-quest-to-build-a-perfect-snes-emulator/	http://feeds.arstechnica.com/arstechnica/index
https://devblogs.microsoft.com/oldnewthing/20220309-00/?p=106331	1	[952576150268416010]	https://devblogs.microsoft.com/oldnewthing/20220309-00/?p=106331	https://devblogs.microsoft.com/oldnewthing/feed
http://www.artofluis.com/3d-work/the-art-of-the-witness/clouds/	1	[424344584253079552]	http://www.artofluis.com/3d-work/the-art-of-the-witness/clouds/	http://www.artofluis.com/feed/
https://unixism.net/2019/04/linux-applications-performance-introduction/	2	[696835241222078556]	https://unixism.net/2019/04/linux-applications-performance-introduction/	https://unixism.net/feed/	https://unixism.net/2019/04/linux-applications-performance-introduction/feed/
http://concurrencyfreaks.blogspot.com/	1	[547764477215637505]	http://concurrencyfreaks.blogspot.com/	http://concurrencyfreaks.blogspot.com/feeds/posts/default
https://mrmotarius.itch.io/mrmo-halftone	1	[979774759074168914]	https://mrmotarius.itch.io/mrmo-halftone	https://mrmotarius.itch.io/mrmo-halftone/devlog.rss
https://www.learnopencv.com/histogram-of-oriented-gradients/	2	[796416159905742848]	https://www.learnopencv.com/histogram-of-oriented-gradients/	https://learnopencv.com/feed/	https://learnopencv.com/histogram-of-oriented-gradients/feed/
http://cbloomrants.blogspot.com/2020/07/robust-win32-io.html	1	[834798268205498368]	http://cbloomrants.blogspot.com/2020/07/robust-win32-io.html	http://cbloomrants.blogspot.com/feeds/posts/default
https://gafferongames.com/post/collision_response_and_coulomb_friction/	1	[418720607362875402]	https://gafferongames.com/post	https://gafferongames.com/post/index.xml
http://www.khetarpal.org/polygon-splitting/	2	[837614854277038091]	http://www.khetarpal.org/polygon-splitting/	https://www.khetarpal.org/feed/	https://www.khetarpal.org/polygon-splitting/feed/
https://vitalik.ca/general/2020/07/20/homomorphic.html	1	[735564879251112027]	https://vitalik.ca/general/2020/07/20/homomorphic.html	https://vitalik.ca/feed.xml
https://www.cs.cornell.edu/~asampson/blog/llvm.html	1	[522204646513704970]	https://www.cs.cornell.edu/~asampson/blog/llvm.html	https://www.cs.cornell.edu/~asampson/blog.xml
https://acko.net/blog/teardown-frame-teardown/	1	[1067743842373222421]	https://acko.net/blog/teardown-frame-teardown/	https://acko.net/atom.xml
http://colinm.org/sigbovik/	1	[563751090575638538]	http://colinm.org/sigbovik/	https://www.mcmillen.dev/feed.atom
https://devblogs.microsoft.com/dotnet/how-async-await-really-works/	2	[1086018841504665680]	https://devblogs.microsoft.com/dotnet/how-async-await-really-works/	https://devblogs.microsoft.com/dotnet/feed/	https://devblogs.microsoft.com/dotnet/how-async-await-really-works/feed/
http://sites.utexas.edu/jdm4372/2018/07/23/comments-on-timing-short-code-sections-on-intel-processors/	1	[471474819779788810]	http://sites.utexas.edu/jdm4372/2018/07/23/comments-on-timing-short-code-sections-on-intel-processors/	http://sites.utexas.edu/jdm4372/feed/
https://git.kernel.org/pub/scm/linux/kernel/git/torvalds/linux.git/tree/tools/include/nolibc/	1	[1067113571311423560]	https://git.kernel.org/pub/scm/linux/kernel/git/torvalds/linux.git/tree/tools/include/nolibc/	http://git.kernel.org/pub/scm/linux/kernel/git/torvalds/linux.git/atom/tools/include/nolibc?h=master
http://www.moserware.com/2009/09/stick-figure-guide-to-advanced.html	1	[486922499565551616]	http://www.moserware.com/2009/09/stick-figure-guide-to-advanced.html	http://feeds.feedburner.com/Moserware
https://rosenzweig.io/blog/asahi-gpu-part-2.html	1	[842373030248316928]	https://rosenzweig.io/blog/asahi-gpu-part-2.html	https://rosenzweig.io/feed.xml
https://eli.thegreenplace.net/2008/07/18/reading-c-type-declarations	1	[482437309258530817]	https://eli.thegreenplace.net/2008/07/18/reading-c-type-declarations	https://eli.thegreenplace.net/feeds/all.atom.xml
https://www.gradientspace.com/tutorials/2018/2/20/implicit-surface-modeling	1	[702977023764856865]	https://www.gradientspace.com/tutorials/2018/2/20/implicit-surface-modeling	http://www.gradientspace.com/tutorials?format=rss
https://www.volume-gfx.com/volume-rendering/	1	[543772157428367364]	https://www.volume-gfx.com/volume-rendering/	https://www.volume-gfx.com/feed/
https://lisperator.net/pltut/	1	[914502373345464340 1052782025544835202]	https://lisperator.net/pltut/	https://lisperator.net/atom
http://opus-codec.org/docs/	1	[323236082302976000]	http://opus-codec.org/docs/	http://opus-codec.org/feed.xml
https://blog.regehr.org/archives/1063	2	[899634680851210321]	https://blog.regehr.org/archives/1063	https://blog.regehr.org/feed	https://blog.regehr.org/archives/1063/feed
https://devblogs.microsoft.com/oldnewthing/20220311-00/?p=106340	1	[952576150268416010]	https://devblogs.microsoft.com/oldnewthing/20220311-00/?p=106340	https://devblogs.microsoft.com/oldnewthing/feed
http://bitsquid.blogspot.com/2014/08/building-data-oriented-entity-system.html	1	[488033830788399105]	http://bitsquid.blogspot.com/2014/08/building-data-oriented-entity-system.html	http://bitsquid.blogspot.com/feeds/posts/default
https://probablydance.com/2018/06/16/fibonacci-hashing-the-optimization-that-the-world-forgot-or-a-better-alternative-to-integer-modulo/	2	[966009184023896064]	https://probablydance.com/2018/06/16/fibonacci-hashing-the-optimization-that-the-world-forgot-or-a-better-alternative-to-integer-modulo/	https://probablydance.com/feed/	https://probablydance.com/2018/06/16/fibonacci-hashing-the-optimization-that-the-world-forgot-or-a-better-alternative-to-integer-modulo/feed/
http://www.reedbeta.com/blog/quick-and-easy-gpu-random-numbers-in-d3d11/	1	[634477631412371500]	http://www.reedbeta.com/blog/quick-and-easy-gpu-random-numbers-in-d3d11/	http://www.reedbeta.com/feed/
http://www.metanetsoftware.com/dev/tutorials	1	[440193201664425984]	http://www.metanetsoftware.com/dev/tutorials	https://www.metanetsoftware.com/feed
https://theorangeduck.com/page/spring-roll-call	1	[900312461520044063]	https://theorangeduck.com/page/spring-roll-call	https://theorangeduck.com/feeds/pages
http://etodd.io/	1	[298847875734175784]	http://etodd.io/	http://etodd.io/index.xml
http://filmicworlds.com/blog/linear-space-lighting-i-e-gamma/	1	[490138601301082112 621759272744779796]	http://filmicworlds.com/blog/linear-space-lighting-i-e-gamma/	http://filmicworlds.com/feed.xml
https://www.xtof.info/blog/?p=837	1	[699481988456906792]	https://www.xtof.info/blog/?p=837	https://www.xtof.info/feed.xml
https://momentsingraphics.de/PathTracingWorkshop.html	1	[1054808393694584894]	https://momentsingraphics.de/PathTracingWorkshop.html	https://momentsingraphics.de/RSS.xml
http://www.aupress.ca/books/120226/ebook/99Z_Morin_2013-Open_Data_Structures.pdf	1	[442322739911720961]	http://www.aupress.ca/books/120226/ebook/99Z_Morin_2013-Open_Data_Structures.pdf	https://www.aupress.ca/feed/
http://antirez.com/news/127	1	[550133313264680964]	http://antirez.com/news/127	http://antirez.com/rss
https://weinholt.se/articles/non-posix-filesystems/	1	[753044308986429511]	https://weinholt.se/articles/non-posix-filesystems/	https://weinholt.se/feed.xml
http://marc-b-reynolds.github.io/math/2020/03/11/SinCosPi.html	1	[1031998743605678091]	http://marc-b-reynolds.github.io/math/2020/03/11/SinCosPi.html	http://marc-b-reynolds.github.io/feed.xml
http://www.adriancourreges.com/blog/2017/05/09/beware-of-transparent-pixels/	1	[628453827820912696]	http://www.adriancourreges.com/blog/2017/05/09/beware-of-transparent-pixels/	http://www.adriancourreges.com/atom.xml
http://terathon.com/blog/projective-geometric-algebra-done-right/	2	[754303356360720564]	http://terathon.com/blog/projective-geometric-algebra-done-right/	http://terathon.com/blog/feed/	http://terathon.com/blog/projective-geometric-algebra-done-right/feed/
https://icculus.org/finger/flibitijibibo	2	[705879034470334527 705909325113327658]	https://icculus.org/finger/flibitijibibo	https://icculus.org/finger/flibitijibibo?rss=1	https://icculus.org/fingerdigest.rdf
https://blog.tuxedolabs.com/2021/02/22/background.html	1	[835639949671268402]	https://blog.tuxedolabs.com/2021/02/22/background.html	https://blog.voxagon.se/feed.xml
http://fabiensanglard.net/doom_psx/index.html	1	[693014078238490644]	http://fabiensanglard.net/doom_psx/index.html	http://fabiensanglard.net/rss.xml
http://procworld.blogspot.com/	1	[831428771243622482]	http://procworld.blogspot.com/	http://procworld.blogspot.com/feeds/posts/default
http://codepodcast.com/	1	[307875287452876800]	http://codepodcast.com/	https://feeds.soundcloud.com/users/soundcloud:users:201515747/sounds.rss
http://www.righto.com/2022/11/how-8086-processors-microcode-engine.html	1	[1048698143526617108]	http://www.righto.com/2022/11/how-8086-processors-microcode-engine.html	http://www.righto.com/feeds/posts/default
http://www.evanmiller.org/you-cant-dig-upwards.html	1	[558425500389998592]	http://www.evanmiller.org/you-cant-dig-upwards.html	http://www.evanmiller.org/news.xml
http://www.erasmatazz.com/	1	[837536500539195423]	http://www.erasmatazz.com/	http://www.erasmatazz.com/index.xml
http://jamie-wong.com/post/color	1	[685634927689203813]	http://jamie-wong.com/post/color	http://jamie-wong.com/atom.xml
https://social.msdn.microsoft.com/Profile/Fabian%2bGiesen%2b(RAD%2bGame%2bTools)/activity	2	[541345233800003584]	https://social.msdn.microsoft.com/Profile/Fabian%2bGiesen%2b(RAD%2bGame%2bTools)/activity	http://social.msdn.microsoft.com/Profile/u/activities/feed?displayName=Fabian%20Giesen%20(RAD%20Game%20Tools)	http://social.msdn.microsoft.com/Profile/u/activities/feed?displayName=Fabian%20Giesen%20(RAD%20Game%20Tools)&format=Atom10
https://www.spinellis.gr/blog/20060626/	1	[897097426303877180]	https://www.spinellis.gr/blog	https://www.spinellis.gr/blog/dds-blog-rss.xml
http://stackoverflow.com/questions/1583193/what-functions-does-winmaincrtstartup-perform	1	[247935901986979840]	http://stackoverflow.com/questions/1583193/what-functions-does-winmaincrtstartup-perform	http://stackoverflow.com/feeds/question/1583193
http://www.humus.name/index.php?page=3D&ID=69	1	[527138089219391488]	http://www.humus.name/index.php?page=3D&ID=69	http://www.humus.name/rss.xml
https://lwn.net/Articles/851184/	2	[833761374211407924]	https://lwn.net/Articles/851184/	https://lwn.net/headlines/newrss	https://lwn.net/headlines/851184/
https://begriffs.com/posts/2018-11-15-c-portability.html	1	[945441476538691605]	https://begriffs.com/posts	https://begriffs.com/atom.xml
http://aras-p.info/blog/2017/10/24/Slow-to-Compile-Table-Initializers/	1	[375331136911572993]	http://aras-p.info/blog/2017/10/24/Slow-to-Compile-Table-Initializers/	http://aras-p.info/atom.xml
https://j00ru.vexillium.org/2009/08/suspending-processes-in-windows/	2	[1050359152536453240]	https://j00ru.vexillium.org/2009/08/suspending-processes-in-windows/	https://j00ru.vexillium.org/feed/	https://j00ru.vexillium.org/2009/08/suspending-processes-in-windows/feed/
https://gafferongames.com/post/deterministic_lockstep/	1	[494174949783633934]	https://gafferongames.com/post	https://gafferongames.com/post/index.xml
https://fabiensanglard.net/doom_fire_psx/	1	[528748101612208199]	https://fabiensanglard.net/doom_fire_psx/	https://fabiensanglard.net/rss.xml
http://mattgemmell.com/what-have-you-tried/	1	[340512660565000202]	http://mattgemmell.com/what-have-you-tried/	http://mattgemmell.com/feed
http://higherorderfun.com/blog/2012/05/20/the-guide-to-implementing-2d-platformers/	2	[817058231511547964]	http://higherorderfun.com/blog/2012/05/20/the-guide-to-implementing-2d-platformers/	http://higherorderfun.com/blog/feed/	http://higherorderfun.com/blog/2012/05/20/the-guide-to-implementing-2d-platformers/feed/
https://unixism.net/2020/04/io-uring-by-example-article-series/	2	[696835745733935255]	https://unixism.net/2020/04/io-uring-by-example-article-series/	https://unixism.net/feed/	https://unixism.net/2020/04/io-uring-by-example-article-series/feed/
https://sanctum.geek.nz/arabesque/series/unix-as-ide/	2	[582929483884134430]	https://sanctum.geek.nz/arabesque/series/unix-as-ide/	https://blog.sanctum.geek.nz/feed/	https://blog.sanctum.geek.nz/series/unix-as-ide/feed/
http://renderingpipeline.com/2012/07/texture-compression/	2	[710246611619676240]	http://renderingpipeline.com/2012/07/texture-compression/	http://renderingpipeline.com/feed/	http://renderingpipeline.com/2012/07/texture-compression/feed/
https://aras-p.info/blog/2022/02/03/Speeding-up-Blender-.obj-export/	1	[939220475287072789]	https://aras-p.info/blog/2022/02/03/Speeding-up-Blender-.obj-export/	https://aras-p.info/atom.xml
https://gafferongames.com/post/introduction_to_networked_physics/	1	[767615363390111755]	https://gafferongames.com/post	https://gafferongames.com/post/index.xml
https://blog.regehr.org/archives/28	2	[910029295408283700]	https://blog.regehr.org/archives/28	https://blog.regehr.org/feed	https://blog.regehr.org/archives/28/feed
http://chrishecker.com/Physics_References	1	[255026186063839233]	http://chrishecker.com/Physics_References	http://chrishecker.com/index.php?title=Special:RecentChanges&feed=atom
https://abitawake.com/news/articles/enemy-ai-chasing-a-player-without-navigation2d-or-a-star-pathfinding	2	[884941600977985596]	https://abitawake.com/news/articles/enemy-ai-chasing-a-player-without-navigation2d-or-a-star-pathfinding	https://abitawake.com/news.atom	https://abitawake.com/news.atom
https://writings.stephenwolfram.com/2020/04/finally-we-may-have-a-path-to-the-fundamental-theory-of-physics-and-its-beautiful/	3	[834175706686029834]	https://writings.stephenwolfram.com/2020/04/finally-we-may-have-a-path-to-the-fundamental-theory-of-physics-and-its-beautiful/	https://writings.stephenwolfram.com/feed/	https://writings.stephenwolfram.com/feed/atom/	https://writings.stephenwolfram.com/2020/04/finally-we-may-have-a-path-to-the-fundamental-theory-of-physics-and-its-beautiful/feed/
https://procworld.blogspot.com/	1	[543772157428367364]	https://procworld.blogspot.com/	https://procworld.blogspot.com/feeds/posts/default
http://lousodrome.net/blog/light/2020/01/04/physically-based-rendering-references-at-the-end-of-2019/	2	[713005349959106600]	http://lousodrome.net/blog/light/2020/01/04/physically-based-rendering-references-at-the-end-of-2019/	http://lousodrome.net/blog/light/feed/	http://lousodrome.net/blog/light/2020/01/04/physically-based-rendering-references-at-the-end-of-2019/feed/
https://pavelfatin.com/low-latency-painting-in-awt-and-swing/#showing-delay	2	[644515441980473354]	https://pavelfatin.com/low-latency-painting-in-awt-and-swing/#showing-delay	https://pavelfatin.com/feed/	https://pavelfatin.com/low-latency-painting-in-awt-and-swing/feed/
https://aras-p.info/blog/2022/02/25/Curious-lack-of-sprintf-scaling/	1	[946872234855763998]	https://aras-p.info/blog/2022/02/25/Curious-lack-of-sprintf-scaling/	https://aras-p.info/atom.xml
https://www.rastergrid.com/category/blog/gpu-tech/	2	[901948041127419924]	https://www.rastergrid.com/category/blog/gpu-tech/	https://www.rastergrid.com/feed/	https://www.rastergrid.com/category/blog/gpu-tech/feed/
https://wiki.vg/Main_Page	1	[1003631415566536734]	https://wiki.vg/Main_Page	https://wiki.vg/index.php?title=Special:RecentChanges&feed=atom
http://www.humus.name/index.php?page=3D&ID=91	1	[527138089219391488]	http://www.humus.name/index.php?page=3D&ID=91	http://www.humus.name/rss.xml
http://wdobbie.com/post/gpu-text-rendering-with-vector-textures/	1	[965598006390956063]	http://wdobbie.com/post	http://wdobbie.com/post/index.xml
https://www.3dgep.com/category/graphics-programming/directx/	2	[593100761836027924]	https://www.3dgep.com/category/graphics-programming/directx/	https://www.3dgep.com/feed/	https://www.3dgep.com/category/graphics-programming/directx/feed/
https://users.cg.tuwien.ac.at/zsolnai/gfx/rendering-course/	2	[723233103690334279]	https://users.cg.tuwien.ac.at/zsolnai/gfx/rendering-course/	https://users.cg.tuwien.ac.at/zsolnai/feed/	https://users.cg.tuwien.ac.at/zsolnai/feed/
http://www.codercorner.com/blog/?page_id=1632	2	[1042346492293296138]	http://www.codercorner.com/blog/?page_id=1632	http://www.codercorner.com/blog/?feed=rss2	http://www.codercorner.com/blog/?feed=atom
https://berthub.eu/articles/posts/reed-solomon-for-programmers/	1	[854171549242490881]	https://berthub.eu/articles/posts	https://berthub.eu/articles/posts/index.xml
http://aras-p.info/blog/2017/10/23/Best-unknown-MSVC-flag-d2cgsummary/	1	[375315782613073940]	http://aras-p.info/blog/2017/10/23/Best-unknown-MSVC-flag-d2cgsummary/	http://aras-p.info/atom.xml
http://www.ipol.im/	6	[488437610520379392]	http://www.ipol.im/	http://www.ipol.im/feed/articles.rss	http://www.ipol.im/feed/articles.atom	http://www.ipol.im/feed/preprints.rss	http://www.ipol.im/feed/preprints.atom	http://www.ipol.im/feed/news.rss	http://www.ipol.im/feed/news.atom
https://procworld.blogspot.com/2010/11/from-voxels-to-polygons.html	1	[543772157428367364]	https://procworld.blogspot.com/2010/11/from-voxels-to-polygons.html	https://procworld.blogspot.com/feeds/posts/default
https://www.emacswiki.org/emacs/IncrementNumber	3	[245441801597616131]	https://www.emacswiki.org/emacs/IncrementNumber	https://www.emacswiki.org/emacs?action=rss	https://www.emacswiki.org/emacs?action=rss;rcidonly=IncrementNumber	https://www.emacswiki.org/emacs?action=rss;rcidonly=IncrementNumber
http://www.realtimerendering.com/blog/gpus-prefer-premultiplication/	2	[944188637711572992]	http://www.realtimerendering.com/blog/gpus-prefer-premultiplication/	https://www.realtimerendering.com/blog/feed/	https://www.realtimerendering.com/blog/gpus-prefer-premultiplication/feed/
http://feertech.com/legion/software/game/2021/05/21/game-from-scratch-01.html	1	[848412586877779969]	http://feertech.com/legion/software/game/2021/05/21/game-from-scratch-01.html	https://feertech.com/legion/feed.xml
http://www.ludicon.com/castano/blog/2014/07/irradiance-caching-continued/	2	[527138089219391488]	http://www.ludicon.com/castano/blog/2014/07/irradiance-caching-continued/	http://www.ludicon.com/castano/blog/feed/	http://www.ludicon.com/castano/blog/2014/07/irradiance-caching-continued/feed/
http://theorangeduck.com/page/spring-roll-call	1	[825719079791886376]	http://theorangeduck.com/page/spring-roll-call	http://theorangeduck.com/feeds/pages
https://medium.com/@behreajj/3d-rotations-in-processing-vectors-matrices-quaternions-10e2fed5f0a3	1	[564724936904671233]	https://medium.com/@behreajj	https://medium.com/feed/@behreajj
http://www.aclockworkberry.com/shader-derivative-functions/	2	[686255651013394472 792050618746404895]	http://www.aclockworkberry.com/shader-derivative-functions/	http://www.aclockworkberry.com/feed/	http://www.aclockworkberry.com/shader-derivative-functions/feed/
https://www.airs.com/blog/index.php?s=linkers	3	[681603064981225499]	https://www.airs.com/blog/index.php?s=linkers	https://www.airs.com/blog/feed	https://www.airs.com/blog/feed/atom	https://www.airs.com/blog/search/linkers/feed/rss2/
http://0pointer.de/blog/projects/systemd.html	2	[1004122486159454278]	http://0pointer.de/blog/projects/systemd.html	https://0pointer.net/blog/index.atom	https://0pointer.net/blog/index.rss20
http://www.drdobbs.com/parallel/rasterization-on-larrabee/217200602	2	[603664533986345070]	http://www.drdobbs.com/parallel/rasterization-on-larrabee/217200602	http://www.drdobbs.com/rss/all	http://www.drdobbs.com/rss/all
http://fabiensanglard.net/gebb/index.html	1	[618137249388953620 634847187985104899]	http://fabiensanglard.net/gebb/index.html	http://fabiensanglard.net/rss.xml
https://developer.nvidia.com/blog/ray-tracing-gems-ii-available-today-as-free-digital-download/?ncid=so-twit-478282-vt10#cid=dl13_so-twit_en-us	1	[872551267472384020]	https://developer.nvidia.com/blog/ray-tracing-gems-ii-available-today-as-free-digital-download/?ncid=so-twit-478282-vt10#cid=dl13_so-twit_en-us	https://developer.nvidia.com/blog/ray-tracing-gems-ii-available-today-as-free-digital-download/feed/
https://www.exploringbinary.com/decimal-precision-of-binary-floating-point-numbers/	3	[735350890491281409]	https://www.exploringbinary.com/decimal-precision-of-binary-floating-point-numbers/	http://feeds.exploringbinary.com/exploringbinary	https://www.exploringbinary.com/feed/	https://www.exploringbinary.com/decimal-precision-of-binary-floating-point-numbers/feed/
https://fabiensanglard.net/cpsb/	1	[1077365817848635412]	https://fabiensanglard.net/cpsb/	https://fabiensanglard.net/rss.xml
https://theorangeduck.com/page/code-vs-data-driven-displacement	1	[923671917699948544]	https://theorangeduck.com/page/code-vs-data-driven-displacement	https://theorangeduck.com/feeds/pages
http://www.humus.name/index.php?page=3D	1	[984844053210357810]	http://www.humus.name/index.php?page=3D	http://www.humus.name/rss.xml
https://fabiensanglard.net/sf2_sheets/index.html	1	[923442318051246140]	https://fabiensanglard.net/sf2_sheets/index.html	https://fabiensanglard.net/rss.xml
https://wiki.blender.org/wiki/Source/Modeling/BMesh/Design	1	[917745435072925736]	https://wiki.blender.org/wiki/Source/Modeling/BMesh/Design	https://wiki.blender.org/w/index.php?title=Special:RecentChanges&feed=atom
https://media.ccc.de/v/27c3-4295-en-high_speed_high_security_cryptography	7	[827293104637476884]	https://media.ccc.de/v/27c3-4295-en-high_speed_high_security_cryptography	https://media.ccc.de/news.atom	https://media.ccc.de/updates.rdf	https://media.ccc.de/podcast.xml	https://media.ccc.de/podcast-archive.xml	https://media.ccc.de/c/27c3/podcast/mp4-hq.xml	https://media.ccc.de/c/27c3/podcast/ogg.xml	https://media.ccc.de/c/27c3/podcast/webm-hq.xml
https://alain.xyz/blog/raytracing-denoising	1	[630167634897534987]	https://alain.xyz/blog/raytracing-denoising	https://alain.xyz/rss
https://danlark.org/2022/04/20/changing-stdsort-at-googles-scale-and-beyond/	2	[966413722635616286]	https://danlark.org/2022/04/20/changing-stdsort-at-googles-scale-and-beyond/	https://danlark.org/feed/	https://danlark.org/2022/04/20/changing-stdsort-at-googles-scale-and-beyond/feed/
https://medium.com/@ilyasz/object-oriented-programming-the-trillion-dollar-disaster-%EF%B8%8F-92a4b666c7c7	1	[599684521931309084]	https://medium.com/@ilyasz	https://medium.com/feed/@ilyasz
http://www.ludicon.com/castano/blog/2017/10/lightmap-optimizations-ios/	2	[527138089219391488]	http://www.ludicon.com/castano/blog/2017/10/lightmap-optimizations-ios/	http://www.ludicon.com/castano/blog/feed/	http://www.ludicon.com/castano/blog/2017/10/lightmap-optimizations-ios/feed/
https://developer.nvidia.com/gpugems/gpugems2/part-ii-shading-lighting-and-shadows/chapter-12-tile-based-texture-mapping	1	[682970508974751803]	https://developer.nvidia.com/gpugems/gpugems2/part-ii-shading-lighting-and-shadows/chapter-12-tile-based-texture-mapping	https://developer.nvidia.com/taxonomy/term/1368/feed
https://medium.com/@bromanz/how-to-create-awesome-accelerators-the-surface-area-heuristic-e14b5dec6160	1	[693086823936950272]	https://medium.com/@bromanz	https://medium.com/feed/@bromanz
http://www.mamoniem.com/behind-the-pretty-frames-elden-ring/	2	[979088668058849320]	http://www.mamoniem.com/behind-the-pretty-frames-elden-ring/	https://mamoniem.com/feed/	https://mamoniem.com/behind-the-pretty-frames-elden-ring/feed/
https://medium.com/@evanwallace/easy-scalable-text-rendering-on-the-gpu-c3f4d782c5ac	1	[667657077711306752]	https://medium.com/@evanwallace	https://medium.com/feed/@evanwallace
https://medium.com/@michelheily/hello-gba-journey-of-making-an-emulator-part-1-8793000e8606	1	[709399568613113876]	https://medium.com/@michelheily	https://medium.com/feed/@michelheily
https://developer.nvidia.com/gpugems/	1	[1006313725566914671]	https://developer.nvidia.com/gpugems/	https://developer.nvidia.com/taxonomy/term/1303/feed
http://www.ludicon.com/castano/blog/2016/09/lightmap-compression-in-the-witness/	2	[527138089219391488]	http://www.ludicon.com/castano/blog/2016/09/lightmap-compression-in-the-witness/	http://www.ludicon.com/castano/blog/feed/	http://www.ludicon.com/castano/blog/2016/09/lightmap-compression-in-the-witness/feed/
https://medium.com/@alen.ladavac/the-elusive-frame-timing-168f899aec92	1	[761343132356444160]	https://medium.com/@alen.ladavac	https://medium.com/feed/@alen.ladavac
https://alain.xyz/blog/raw-webgpu	1	[667193661741596672]	https://alain.xyz/blog/raw-webgpu	https://alain.xyz/rss
https://developer.nvidia.com/gpugems/GPUGems2/gpugems2_chapter16.html	1	[392470944750239754]	https://developer.nvidia.com/gpugems/GPUGems2/gpugems2_chapter16.html	https://developer.nvidia.com/taxonomy/term/1372/feed
https://medium.com/velan-studios/introducing-viper-273d41b8c507	1	[1037567727109414983]	https://medium.com/velan-studios	https://medium.com/feed/velan-studios
https://alain.xyz/blog/comparison-of-modern-graphics-apis	1	[751941903800336455]	https://alain.xyz/blog/comparison-of-modern-graphics-apis	https://alain.xyz/rss
https://medium.com/@jasonbooth_86226/my-approach-to-optimization-bfcafc1f8768	1	[924790255046000710]	https://medium.com/@jasonbooth_86226	https://medium.com/feed/@jasonbooth_86226
https://medium.com/hipster-color-science/a-beginners-guide-to-colorimetry-401f1830b65a	1	[468666885140119564]	https://medium.com/hipster-color-science	https://medium.com/feed/hipster-color-science
https://medium.com/@ajmmertens/why-vanilla-ecs-is-not-enough-d7ed4e3bebe5	1	[730843068114141294]	https://medium.com/@ajmmertens	https://medium.com/feed/@ajmmertens
https://medium.com/@bgolus/anti-aliased-alpha-test-the-esoteric-alpha-to-coverage-8b177335ae4f	1	[640886138629783552]	https://medium.com/@bgolus	https://medium.com/feed/@bgolus
https://medium.com/@cscalfani/goodbye-object-oriented-programming-a59cda4c0e53	1	[599914486325051402]	https://medium.com/@cscalfani	https://medium.com/feed/@cscalfani
