http://jonpoler.blogspot.com/2015/01/how-not-to-write-error-catching.html;3 posts
https://marinhero.com/posts/bash-history/;3 posts
http://mateor.github.io/cs/rotorcraft/ai/2015/02/09/NORA-paper.html;2 posts
http://pepijndevos.nl/2021/05/05/evaluating-gui-toolkits.html;
http://jimjshields.github.io/2020/11/12/rc-day-3-go-vs-python.html;
http://feedproxy.google.com/~r/dubroy/~3/LKAqf0OyXL0/visualizing-packrat-parsing;
http://momentum6.blogspot.com/2015/07/disease-in-history-part-2-of-3-density.html;4 posts
https://blog.vsinha.com/2020/06/27/inside-the-cell/;
https://blog.vsinha.com/2020/06/27/inside-the-cell/;
https://medium.com/@malkomalko/hacker-school-day-4-2-19-15-e3e9dd881daf?source=rss-716189085498------2;4 posts
https://words.serenaperuzzo.com/posts/;6 posts
http://sarahghp.com/writings/hacker-school/axes;1 posts
https://medium.com/@c11z/where-do-i-put-my-database-password-fbd34289aabd?source=rss-8bb58937db77------2;6 posts
http://blog.gnclmorais.com/heroes-of-computer-science;
https://purplepaperreader.blogspot.com/feeds/4674617914845154202/comments/default;4 posts
https://joelburget.com/blog-2021-05-12/;Disabled
https://varnull.adityamukerjee.net/2018/04/05/observing-kubernetes-services-with-veneur/;
https://oskarth.com/notes-on-art-of-community-1/;
http://dev.jdherg.com/posts/2015/07/27/pycon-2015/;5 posts
https://writing.natwelch.com/post/714;
http://redlua.com/post/go-and-protobuf-quick-start/;
http://www.alextaipale.com/2020/03/23/hello-world/;4 posts
http://pietro.menna.net.br/personal/recurse-center/2016/07/17/never-install-database-again/;
https://blog.printf.net/articles/2015/05/29/announcing-gittorrent-a-decentralized-github/;
https://lunacodes.wordpress.com/2018/10/25/css-grid-why-its-amazing-and-how-to-get-started/;
https://blog.plover.com/lang/beep-beep.html;
/habits/ml/2020/07/14/blogs-and-news.html;3 posts
https://www.freshpaint.io/blog/how-to-be-a-better-product-manager;
https://malisper.me/simple-rules-for-building-simple-systems/;
http://blog.annharter.com/2017/09/16/What-I-Learned-at-RC.html;
http://kamalmarhubi.com/blog/why-no-hg/;
http://sfrapoport.github.io/2015/09/04/generators-arent-so-scary.html;
http://martin.kleppmann.com/2021/04/14/goodbye-gpl.html;
http://charles.bearblog.dev/start/;6 posts
https://medium.com/@richardlayte/testing-go-with-quickcheck-5d845467b761?source=rss-47d5b4ff0812------2;2 posts
https://blog.benoitvallon.com/tips/flattening-arrays-in-javascript/;
http://rememberyourlines.com/36-protect-the-fragile-and-unruly/;
http://www.daz.zone/blog/closing-time.html;4 posts
http://ibrand.github.io/2016/interview-utility-belt/;2 posts
http://piratefsh.github.io/2020/11/17/my-heartbreak-emo-playlist-from-2008.html;
http://linzjax.github.io/how-to/outreachy/2016/12/09/django-signals-and-deferred-fields.html;
http://blog.http417.com/2017/06/finding-relevant-code-in-react.html;
https://basicbitch.software/posts/2021-04-27-Updates-and-an-Advertisement.html;
https://aliciarecurses.wordpress.com/2020/04/29/how-to-make-remote-grad-school-work-better-for-students/;
https://syncretism.xyz/jproz/thoughts-on-studying-for-algorithm-interviews;2 posts
https://buttondown.email/distillations/archive/substrate/;7 posts
https://jasdev.me/remarkable-quick-print;
https://buttondown.email/letters-to-j/archive/026-pain-as-a-scalar/;
https://stephentu.github.io/blog/matrix-analysis/2020/08/13/volume-symmetric-matrices-operator-norm.html;
http://vakila.github.io/blog/katsconf2/;
https://blackwood.io/smash-a-guitar-go-to-jail;
https://gonzalo-bulnes.github.io/blog/open-source/introducing-pair.html;2 posts
https://maryrosecook.com/blog/post/step;
http://cestdiego.github.io/blog/2015/12/04/using-rsync-when-tramp-is-too-much;
https://medium.com/swlh/how-to-pick-the-right-startup-to-join-ef052fc5fa44?source=rss-89f96042d042------2;4 posts
https://medium.com/@tehgeekmeister/deleveraging-503c25312243?source=rss-c8f24a0c32e9------2;
http://www.tehgeekmeister.com/writing/2016/1/24/omit-needless-tech;
https://blog.zulip.com/2021/05/13/zulip-4-0-released/;
http://dvndrsn.com/2018/01/30/devops-is-happiness-and-a-rubber-chicken.html;
https://linbug.github.io//programming/2017/10/11/Pseudocode-Programming-fake-it-before-you-make-it/;
http://depthnn.blogspot.com/feeds/8170680841891765940/comments/default;3 posts
/2016/03/09/space-invaders.html;6 posts
https://blog.joeardent.net/blog/not-rand-but-rand-y/;6 posts
https://mikeymu.tumblr.com/post/141093733452;8 posts
https://www.danielputtick.com/writing/subnet-masks.html;9 posts
https://mjec.blog/2019/05/30/three-hours-of-my-day/;
https://www.philosophicalhacker.com/post/build-a-faster-horse/;
https://www.philosophicalhacker.com/rpost/avatar-last-airbender-language-model-and-text-generation/;
http://l0stinsp4ce.com/blogggo/ml-security/;
http://pnasrat.github.io/2016/04/27/inside-docker-for-os-x-ii;7 posts
http://reeddunkle.github.io//Good-Bones/;
https://nickdrozd.github.io/2021/04/21/structured-programming-for-busy-beavers.html;
https://medium.com/@benschac/what-i-learned-from-failure-and-why-i-love-it-7d0f7af7b1ac?source=rss-67dede2eaa14------2;8 posts
http://pjf.id.au/depression/2018/12/23/adhd.html;

http://paultopia.github.io/posts-output/simple-heroku-connection/
;
http://jjst.eu/posts/2016/10/rc-return-statement/;3 posts
https://jamey.thesharps.us/2021/04/07/how-not-to-improve-video-conferencing/;
https://boinkor.net/2020/02/somewhere-between-8-and-11-years-without-boinkmarks/;
http://adrien.lamarque.fr/cc/post/program-classes-and-error-handling/;5 posts
https://arpith.co/books2020;
https://hachibu.net/posts/2020/building-and-testing-50-ui-states-with-decision-tables/;
https://tayloraburgess.com/writing/2019-06-07-mbq-pubsub;5 posts
https://x.st/an-intriguing-triangle/;4 posts
http://ssfrr.com/2018/01/08/new_performance_video/;
https://andreaonprogramming.wordpress.com/2017/09/24/an-on-demand-high-powered-jupyter-notebook-server/;
https://vaibhavsagar.com/blog/2021/05/02/updating-ihaskell-newer-ghc/;
https://medium.com/@trueskawka/haskell-functors-are-like-cranes-5601354462af?source=rss-f139b98fa5e2------2;6 posts
https://alicja.dev/idea/2019/08/29/html-css-zines.html;
https://nickp.co/2016/08/lemons-and-light;
https://www.moderndescartes.com/essays/homeostasis_volatility;
http://www.stormylife.com/2017/08/06/chinese-superstitions-and-evil-fish/;
http://www.notesfromandy.com/2020/09/30/forcing-single-sided-printing-with-appkit/;
http://blog.johnkrauss.com/where-is-decontrol;
http://blog.sitongpeng.com/posts/how-would-you-have-a-machine-recognize-a-cat.html;
https://medium.com/darklang/leaving-ocaml-fce7049a2a40?source=rss-56c9b6a1f3e4------2;
https://kracekumar.com/post/structure_django_orm_working_part1/;
https://timenotclocks.com/blog/post/parables/;
https://vipyne.tumblr.com/post/178070253810;
https://haroldtreen.com/tech/open-source/contributing-to/2018/01/15/contributing-to-prettier-atom/;
https://medium.com/@myles.dakan/asking-for-help-e9830f2bde5e?source=rss-984ceb0b3c9d------2;2 posts
https://jonsjournal.com/about/;
https://andrewyoon.art/blog/soundcloud;6 posts
https://www.recurse.com/blog/158-grants-of-up-to-7000-now-available-for-upcoming-batches-of-rc;
https://taraadiseshan.tumblr.com/post/155706505833;1 posts
https://extensionpay.com;3 posts
https://heatherbooker.github.io/blog/posts/2020-10-16-learning-les-chiffres-en-francais/;
https://blog.jonnew.com/posts/legalize-fourplexes;
https://scattered-thoughts.net/writing/making-live-repls-behave/;
https://strugee.net/blog/2019/12/filter-other-days-1.1.0-and-2.0.0-are-now-available;
https://jasonaowen.net/blog/2021/Jan/04/monitoring-gpg-key-expiration/;
https://chungjsm.wordpress.com/2017/01/17/mario-deepmind-deep-learning-in-video-games/;
http://ant6n.ca/2017-02-09-abusing-docker-vm;6 posts
https://medium.com/@abdulnimeri/types-of-people-i-admire-9a882adb03f7?source=rss-c7c53cf5410d------2;5 posts
https://minireference.com/blog/no-bullshit-guide-to-statistics-progress-update/;
https://digitalfreepen.com/2020/12/17/strict-null-checks.html;
https://jootse84.github.io/notes/blockchain-and-magic-functions;
/2019/08/29/ethical-implications-of-ai-and-ubuntu-as-an-intervention;
https://ryanriddle.github.io/how-to-write-a-database.html;9 posts
http://zormit.github.io/main/2017/03/27/notes-flask-funprofit.html;3 posts
/2017/06/27/pairs-adventures-in-nerdsnipery.html;2 posts
https://aac.github.io/rc-blog/post/meet-recursers/;
https://stefan-lesser.com/2020/10/27/how-to-adopt-christopher-alexanders-ideas-in-the-software-industry/;
https://carld.github.io/2017/08/14/meta-circular-interpreter-without-letrec-define.html;
https://nelhagedebugsshit.tumblr.com/post/174932021643;
https://blog.nelhage.com/post/building-llvm-in-90s/;
https://accidentallyquadratic.tumblr.com/post/187336866277;
https://blog.veitheller.de/Thoughts_on_Identity.html;
https://blog.wesleyac.com/posts/simple-deploy-script;
https://notebook.wesleyac.com/consciousness-and-emulation/;
https://medium.com/cientificasdeaca/rebeca-cherep-de-guber-los-errores-est%C3%A1n-en-la-cuenta-del-hacer-60e4118da07f?source=rss-be94b32dad1c------2;
https://fineshambles.com/2017/08/29/from-logic-variables-to-type-variables/;
http://hclarke.ca/fsck.html;
https://medium.com/@atroche/the-unexpected-difficulties-of-connecting-to-a-tor-hidden-service-with-python-8c6d2831d90?source=rss-5a238820f061------2;Disabled
https://abecedarius.tumblr.com/post/173613713805;
http://alok.github.io/2021/05/16/i993475/;
https://raphlinus.github.io/gpu/2021/05/13/stack-monoid-revisited.html;
https://blog.jabid.in/2020/02/29/track.html;
https://www.al3x.net/blog/2018/10/23/what-the-woman-in-the-front-seat-predicted-and-other-stories;Disabled
https://indradhanush.github.io/blog/dunst-notifications-with-picom/;
https://bckly.com/posts/2018-06-21-productive-procrastination.html;
http://routley.io/posts/scraping-a-website/;
https://abehmiel.net/2021/04/10/uw-madison-guest-lecture/;
https://eqfdatadiary.com/2018/07/04/how-to-hire-an-engineer-like-me/;
http://cipht.net/2017/11/02/some-talks.html;
https://fullyfaithful.eu/sign-of-life/;
https://parkerhiggins.net/2019/03/cursewords-crossword-puzzle-solving-interface-terminal/;
/2017/11/26/es6.html;7 posts
https://www.vrk.dev/2021/04/04/korean-learning-tips-a-better-way-to-read-articles-in-korean/?utm_source=rss&utm_medium=rss&utm_campaign=korean-learning-tips-a-better-way-to-read-articles-in-korean;
https://vrk.github.io/plantsim/2017/09/05/exceptional-plant-progress.html;5 posts
https://aos.github.io/2021/04/19/building-a-homelab-part-1-hardware/;
http://schuessler.org/prometheus-at-the-disco-bowl;5 posts
https://cternus.net/blog/2018/01/26/tackling-the-system-design-interview/;8 posts
http://www.nikhithnaidu.com/2017-07-17/Actually/;2 posts
https://norasandler.com/2019/02/18/Write-a-Compiler-10.html;
https://nathanshane.me/blog/an-informal-guide-to-code-review;6 posts
https://medium.com/@kimberly_mc/bitmaps-tga-format-lets-take-a-good-look-multitudes-entry-2-d206c63ce4e0?source=rss-cf0050b63bbc------2;
https://peterlyons.com/problog/2021/04/squeezebox-keyboard/;
https://www.nuclearcarrot.co.uk/hypothesis/;5 posts
https://blog.gtank.cc/taxonomies/;
https://push.cx/2018/nixos;
https://karthikbalakrishnan.com/blog/i-ve-just-joined-insider;3 posts
https://danluu.com/essential-complexity/;
http://qqrs.github.com/blog/2018/03/29/doorbot/;
/2021/03/05/bring-your-own-client.html;
https://alliejon.es/blog/2020/10/30/smoother-remote-live-demos-with-obs;
http://blog.bonnieeisenman.com/blog/dont-tolerate-isms-in-your-interviews/;
//ldirer.com/deploy-docker-app-part-2/;3 posts
https://modocache.io/swift-compiler-diagnostics-part-2;
https://dev.to/bellmar/programs-split-over-multiple-files-featuring-troels-henriksen-35pl;
https://bellmar.medium.com/programming-in-z3-by-learning-to-think-like-a-compiler-401fd46828d5?source=rss-d196ba9afc2d------2;
http://NQNStudios.github.io//2020/04/06/byte-size-mindfulness-1.html;
http://mayerdaniel.github.io/2020/04/20/Process-Injection-102-VirtualProtect/;3 posts
https://blog.sophaskins.net/blog/jazz-albums-for-the-socially-distanced/;9 posts
https://blog.pizzabox.computer/posts/hp712-nextstep-part-2/;
http://www.nbertagnolli.com/jekyll/update/2020/08/20/translate_any_language.html;
http://blog.sory.biz/posts/listening-to-music/;
http://mrcoles.com/implementing-sleep-javascript-promise/;
https://medium.com/balance-io/formal-verification-virtual-hardware-and-engineering-for-blockchains-51d07abdc934?source=rss-db924dbde4c3------2;
https://lydiolectal.github.io/2018/05/05/week-5-belated-belated-updates.html;6 posts
http://thomasweng.com/moveit_cartesian_jump_threshold/;
https://idea.popcount.org/2020-08-02-orange-ftth-on-a-custom-router;
http://danielmendel.github.com/blog/2013/04/08/another-javascript-scope-gotcha/;7 posts
https://blog.benjojo.co.uk/post/bgp-stuck-routes-tcp-zero-window;
http://ablwr.github.io/blog/2021/04/09/being-burnt-out/;
https://emanuelgeromin.com/blog/neural-nets-as-odes/;3 posts
https://scott.mn/2021/03/22/recommitting_transit_first_sfmta/;
http://mkcor.github.io/2018/06/19/week-12-day-2-at-rc.html;
https://www.adampalay.com/blog/2018/07/30/program-synthesis-with-tla/;
https://nerdneha.tumblr.com/post/150123482905;
https://recurse.henrystanley.com/post/graalvm-buildpack/;
https://bdon.org/blog/web-map-services;1 posts
http://nicolas-hahn.com/2020/11/30/btreemap-with-capacity/;6 posts
https://squidarth.com/systems/2021/01/08/meaningful-availability.html;
https://www.getrevue.co/profile/sids-game-dev-log/issues/sid-makes-games-4-and-it-plays-441901;4 posts
https://medium.com/peloton-engineering/the-dangers-of-using-is-in-python-f42941124027?source=rss-29ccd06fb92c------2;4 posts
http://www.d10.dev/blog/vault-plugin-algo/;
https://uxdesign.cc/take-home-design-challenges-dont-work-here-s-how-to-fix-them-917203b2f96d?source=rss-b1e6e94ff725------2;9 posts
https://crawshaw.io/blog/remembering-the-lan;
http://kwj2104.github.io/2020/gpt3-caption/;5 posts
https://blog.studiogel.com/post/48302964909;1 posts
http://cs.mcgill.ca/~abeaul10/blog/3.html;4 posts
https://www.jenbuilds.com/2021/01/10/great-questions-to-ask-your-interviewer/?utm_source=rss&utm_medium=rss&utm_campaign=great-questions-to-ask-your-interviewer;4 posts
http://ncollins.github.io/blog/2014/02/10/a-handwavey-explanation-of-the-metropolis-hastings-algorithm/;4 posts
https://kaomorphism.com/2019/01/17/How-To-Predict-Any-Three-Events-More-Accurately.html;
https://scientiffic.medium.com/10-snacks-to-try-in-tokyo-bb573cec53cf?source=rss-37f4ff96999c------2;
https://clarete.li/blog/toy-compiler-from-scratch.html;2 posts
http://fewf.github.io/Blog-Changes-and-Border-Updates/;7 posts
https://charlietran.com/blog/2018/10/15/over-engineering-my-resume.html;2 posts
https://debamitro.github.io/blog/thoughts-on-debugging/;
http://blog.leahhanson.us/about.html;Disabled
https://blog.dbalan.in/blog/2020/04/07/setting-up-a-private-package-repo-for-freebsd/index.html;
https://e-nas.tumblr.com/post/47164826761;7 posts
https://write.danilocampos.com/manure-theory-of-venture-capital-7c821befea5c?source=rss----4c0337a63122---4;
https://maxlikely.tumblr.com/post/36934492437;
https://aaronstrick.com/posts/art-of-invitation;8 posts
https://blog.rowan.earth/csvconfv6/;4 posts
https://ponyta.github.io/2019/02/03/adventures-in-lambda-calculus.html;9 posts
https://cozy.computer/profiling-vim-to-troubleshoot-slow-saving;5 posts
https://write.as/thwidge/a-status-page-for-myself?pk_campaign=rss-feed;9 posts
http://blog.wylie.su/whats-our-demo;9 posts
https://michellemho.github.io/done/2019/07/18/kenmore.html;
https://medium.com/@michellemho/saving-old-shared-shutterfly-photos-666bf62b42b6?source=rss-82d2650b614c------2;
https://nayak.io/posts/the-path-foward-2020-to-2021/;
http://noahzgordon.com/blog/life/2019/06/13/a-proud-queer-jew.html;5 posts
https://jamala.github.io/2017/06/05/starting-now/;1 posts
http://www.cmyr.net/blog/rust-python-learnings.html;6 posts
https://optimistictypes.com/very-good-bad-thing/;
https://tech.michaelaltfield.net/2021/03/12/monitoring-tor-onion-websites-uptime-alerts/;
https://www.xuuso.com/career/productivity/wave/2020/11/18/focus-on-whats-important.html;
https://jeffro.xyz/2019/06/nyc-public-workspaces-science-industry-and-business-library/;2 posts
https://lumen.netlify.com/posts/building-a-blockchain-and-an-engineer/;1 posts
https://meltware.com/2020/10/21/rust-async-nonsense.html;3 posts
https://yosoy.dev/aprende-en-3mins-apache-kafka/?utm_source=rss&utm_medium=rss&utm_campaign=aprende-en-3mins-apache-kafka;
https://gs0510.github.io/addis-coder/;
https://www.roborooter.com/post/livestream-github-actions;
https://www.rileynwong.com/blog/2019/5/22/pokemon2pokemon-using-cyclegan-to-generate-pokemon-as-different-elemental-types;
https://thewitchofendor.com/2021/05/22/the-occult-dogon-egg-of-arshile-gorky/;
https://aless.co/2020/;
https://resevoir.net//about;
http://charstiles.com/class/;
https://kaviraj.me/project-to-learn-distributed-systems/;9 posts
https://ngoldbaum.github.io/posts/python-vs-rust-nn/;
https://awarm.space/fast/0000-org-and-pandoc-static-site;
http://shapr.github.io/posts/2021-04-18-emacs-debugging.html;
http://www.alexcalderwood.blog/blog/A%20Morning%20Routine;4 posts
https://www.minor.gripe/posts/2021-04-14T05:18:10.109692Z_adventures_in_bookmark_parsing.html;
https://robinovitch61.github.io/posts/html-canvas-pan-zoom-react/;
https://evanercolano.github.io/posts/recurse-center-vm/;4 posts
https://maxpowerwastaken.gitlab.io/model-idiot/posts/generating_comprehensive_pd_indices/;9 posts
https://www.bryanbraun.com/2021/05/21/the-rivers-we-swim-in/;
https://programmingmetaphors.code.blog/2019/08/05/programming-metaphors-and-me/;1 posts
http://feedproxy.google.com/~r/laurensperber/~3/Rch_qVC-xno/;
https://kofi.sexy/this-page-is-intentionally-left-black;
https://xysun.github.io/posts/ray-tracer.html;
http://www.simonmweber.com/2020/09/20/opsgrid.html;
https://www.ryanprior.com/posts/what-is-guix-really/;6 posts
https://donnywinston.com/posts/on-the-hourglass-model-for-fair/;
http://unschooled.org/2012/03/understanding-this-javascript;
http://www.codelearningdoing.com/teaching-clojure-to-beginning-programmers-functions-before-variables/?utm_source=rss&utm_medium=rss&utm_campaign=teaching-clojure-to-beginning-programmers-functions-before-variables;
http://emmasmith.me/tinyland/;1 posts
https://medium.com/@nataliie/a-restful-first-week-at-recurse-730214b6aa91?source=rss-b2ea373da2ff------2;2 posts
https://doronrasis.com/2020/04/05/savta-eggplant.html;3 posts
https://micro.quietmisdreavus.net/self/2020/11/21/steeped-in-unreality/;
https://quietmisdreavus.net/self/2020/09/25/the-near-and-medium-term-future-of-a-quiet-misdreavus/;
https://notes.neeasade.net/systemd-user-services.html;
https://george.mand.is/2020/08/how-they-made-the-tenet-film-website/;
https://amontalenti.com/2020/11/28/definitive-reading-list;
https://mmcloughlin.com/posts/geohash-assembly;3 posts
https://dylnuge.com/post/life-during-virustime/;8 posts
https://organicdonut.com/2020/10/teaching-programming/;
https://miles.land/posts/kubernetes-complexity/;5 posts
https://buchok.com/post/148834780088;
https://bytes.zone/posts/trying-and-failing-to-speed-up-string-beginswith/;
/blog/2020/01/03/sentry-watchstanding/;
https://capnfabs.net/posts/why-is-this-floppy-disk-drive-clicking-incessantly/;
https://javascriptandjava.wordpress.com/2013/07/17/111/;4 posts
https://thefatalistmarksman.com/2013/11/13/hacker-school-month-2-not-a-boot-camp-but/;
https://orib.dev/githosting.html;6 posts
https://probablydance.com/2021/04/03/happy-easter-i-hid-an-easter-egg-in-just-cause-4-for-you/;
https://nthomas.org//2020-09-03-All-My-Good-Habits-Are-Bad/;
/posts/iloveanime/;
/2021/02/13/pdq-emscripten-4/;
https://augustocorvalan.github.io/2020/03/23/generative-architecture-for-cad-vr-and-beyond.html;2 posts
/advent.html;
https://jesseevers.com/spapi-oauth/;
https://ksspiers.medium.com/reporting-abuse-got-me-banned-from-the-alphabet-workers-union-d498864a6f46?source=rss-e4914c005f00------2;1 posts
https://g-w1.github.io/blog/zig/low-level/compiler/2021/05/23/bf-compile.html;4 posts
https://notes.rolandcrosby.com/posts/youtube-dl-shirt/;
http://sarabee.github.io/2020/09/13/is-this-mahler/;4 posts
http://blog.nullspace.io/batch.html;
/2019/12/17/Managing-Up;
https://captnemo.in/blog/2021/05/14/amazon-website-order-drm/;
http://composition.al/blog/2021/05/15/bangbangcon-2021-starts-today/;
https://vinayak.io/2021/02/09/how-to-create-a-desktop-entry-for-an-appimage/;
https://www.melanieimfeld.com/blog/2020/10/27/spatial-algorithms-under-the-hood-quadtrees-;4 posts
/2020/11/11/profiling-go-packages-bipartite-graphs.html;4 posts
https://patrickweaver.net/blog/how-we-used-a-chatbot-to-teach-writing-and-coding/;9 posts
https://learning.tarokuriyama.com/feeds/4932440567459675899/comments/default;
/art/2021/05/01/Fractal-Tree-Generator.html;
https://payments.posthaven.com/rc-w1d1-recommit-yourself-to-lifelong-learning;
https://blog.fabrefact.ca/posts/virtual-party-space-devlog-23/;
https://thomasbroadley.com/blog/predictions-on-twitch/;
https://anniebartblog.netlify.app/posts/sustainability/;5 posts
https://keminglabs.com/blog/finda-websocket-architecture/;
https://dmccrevan.github.io/posts/13/;
https://vishnubharathi.codes/blog/just-stop/;
https://medium.com/@sophiwriter/closure-in-javascript-d1534c7e40e9?source=rss-6ce3c32fc6ff------2;3 posts
https://imranmalek.com/my-foray-into-home-automation-with-home-assistant.html;3 posts
https://jemma.dev/blog/gc-object-id;
https://www.youtube.com/watch?v=85vMColDHEo;
http://www.lelandpaul.com/posts/ringing-room-under-the-hood-3/;4 posts
https://thevaluable.dev/active-listening-communication-developer/;
https://www.youtube.com/watch?v=qZY5c8KWNy8;
http://kellyfoulk.herokuapp.com/post/3;9 posts
https://mikkel.ca/blog/digging-into-quebecs-proof-of-vaccination/;
https://poniesandlight.co.uk/reflect/bitonic_merge_sort/;
https://www.leonlinsx.com/polina-marinova-renco/;
https://dev.to/emilybonar/writing-my-first-database-application-with-next-js-and-heroku-2d8a;2 posts
https://onestepcode.com/postgresql-installation-configuration-ubuntu-linux/?utm_source=rss&utm_medium=rss&utm_campaign=postgresql-installation-configuration-ubuntu-linux;
https://flamanda.com/posts/etch-a-sketch/;6 posts
https://petermalmgren.com/five-weeks-five-problems/;
https://notes.shaunagm.net/post/648538838963257344;
https://laurenar.net/posts/python-simd/;2 posts
http://sangarshanan.com/2021/05/22/the-breakpoint/;
https://jaked.org/blog/2021-02-26-Slate-Explorer;3 posts
https://www.anissah.com/blog-post-1;6 posts
https://towardsdatascience.com/there-is-no-best-way-to-learn-data-science-heres-what-you-actually-need-to-know-65dab57f3680?source=rss-b16fe7d9ed66------2;1 posts
https://esoteric.codes/blog/wenyan-lang;
https://mnopqr1.github.io/2021/03/26/beginners-mind.html;9 posts
https://linnali.com/posts/quick_reference_for_data_analysis_with_python/;6 posts
https://github.com/seanchen1991/blog/releases/tag/beginners-guide-to-handling-errors;1 posts
https://just-be.dev/posts/blog-vs-notes;6 posts
https://blog.rickypai.com/posts/homebrew-home-automation-for-privacy-and-comfort/;3 posts
/2021/05/19/where-is-my-site.html;2 posts
http://daniellesucher.com/2021/03/04/what-did-you-eat-yesterday/;
https://mariapacana.tumblr.com/post/626838754568601601;Disabled
https://punkrockpolly.wordpress.com/2020/10/27/anti-patterns-for-influencing-as-an-individual-contributor/;
https://rupsshankar.tumblr.com/post/69493281284;
http://blog.lazerwalker.com/2020/10/13/roguelike-celebration-av-setup.html;
https://lesliebklein.tumblr.com/post/147665030765;
http://www.metafilter.com/mefi/191533;
https://www.blogger.com/feeds/6857571600654935286/posts/default/7193756471769805203;
https://blackfemalecoders.tumblr.com/post/125311779268;
https://davemckenna.tumblr.com/post/79502088113;
https://ljungblad.nu/post/122788336889;
https://hs.ljungblad.nu/post/69922869833;
http://instamatique.com/blog/weaving-notation-at-strange-loop/;
http://instamatique.com/hackerschool/blog/2014/01/01/not-graduating/;
http://andrewkelley.me/post/zig-cc-powerful-drop-in-replacement-gcc-clang.html;
http://genesisdaw.org/post/bit-trouper.html;
https://jvns.ca/blog/2021/02/10/day-57--fighting-with-github-actions/;
https://jvns.ca/blog/2021/05/17/how-to-look-at-the-stack-in-gdb/;
https://alpaastero.wordpress.com/2014/08/15/realaudio-interleavers/;9 posts
https://blog.filippo.io/usb-c-charger-for-a-cheap-chromebook/;
https://spurekar.wordpress.com/2015/07/30/rainy-days-call-for-coffee/;
https://phsteve.tumblr.com/post/68754352969;5 posts
https://kate.io/blog/simple-hash-collisions-in-lua/;8 posts
https://astrosilverio.tumblr.com/post/180798532904;
https://annascodejournal.wordpress.com/2014/03/18/making-a-chrome-extension-2/;
http://ballingt.com/porting-endless-sky/;
https://medium.com/@ptn/advice-for-new-hacker-schoolers-20603c59f24b?source=rss-52c8d0966a15------2;3 posts
https://www.erranderr.com/blog/webdriver-ontology.html;
https://lord.io/spreadsheets/;
https://blog.jfo.click/hello-hello-world/;
http://geodesygina.com/matplotlib.html;
http://rose.github.io/posts/keeping-perl-classy/;
http://davidad.github.io/blog/2014/04/24/an-osi-layer-model-for-the-21st-century/;
https://somerandomidiot.com/talks/;Disabled
https://somerandomidiot.com/talks/;
https://rileyjshaw.com/blog/scaling-faders;
http://amygdalama.github.io/video-how-reviewing-code-makes-me-a-better-programmer.html;
http://lita.github.io/interviews.html;
http://litacho.weebly.com/blog/2-weeks-into-hacker-school-progress-on-my-bittorrent-client;4 posts
http://www.rule146.com/2017/09/21/blog-05-transition-matrix.html;
https://thoughtstreams.io/zdsmith/hacker-school-journal/#card-3712;
http://blog.mirkoklukas.com/qa-my-experience-as-numentas-first-visiting-researcher/;
https://wismer.github.io/qr/rust/programming/wasm/javascript/learning/2018/06/16/this-was-not-an-easy-project.html;
http://blog.jdotjdot.com/2014/10/javascript-callbacks-to-promises/;
{{ site.url }}{{ post.url }};
http://bruslim.github.io/2015/09/03/why-properties-matter/;
http://max.computer/projects/gemcanary/;
https://samertm.com/2018/06/01/and-im-back/;Disabled
http://www.rntz.net/post/2019-01-21-generic-substitution.html;
https://wanderinginny.tumblr.com/post/95941886280;8 posts
http://macroscopicentric.net/blog/config-management/;9 posts
https://punchagan.muse-amuse.in/blog/instagram-user-friendliness/;
http://somethingdoneright.net/2021/05/02/intro-to-human-behavioral-biology-needs-critique.html;
https://medium.com/hacker-school/an-adventure-with-raspberry-pi-neopixels-and-audio-programming-12f2d5b40f32?source=rss-1eb77e112f2d------2;
http://lauraskelton.github.io/blog/2014/07/26/hacker-school-week-7/;
http://www.holdonwhat.com/feeds/5690847418430964578/comments/default;2 posts
http://www.holdonwhat.com/feeds/5690847418430964578/comments/default;2 posts
http://cowpig.github.io/2018/09/25/Keto-Diet/;3 posts
http://maiamcc.github.io/blog/2020/02/27/amsterdam-recommendations/;
https://bash.sh/sum-of-nothing/;5 posts
https://blog.pault.ag/post/154359559628;
https://draft.li/blog/2017/05/18/retrieving-protonmail-private-key/;
https://9.svbtle.com/dear-steph-of-3-months-ago;4 posts
https://scarylettuce.wordpress.com/2015/01/23/c-gochujang-new-things-that-arent-new/;7 posts
https://trillioneyescoding.wordpress.com/2015/02/16/the-problem-with-subtle-shades-of-mu/;
https://cdosborn.com/posts/figuary-2020.html;8 posts
https://www.joeschwartz.com/2015/09/28/giant-robot-snack-pack-with-square-design/;
http://lmontopo.github.io/frontend-backend.html;
https://www.schwertly.com/2020/07/padding-oracle-story-time/;
https://medium.com/@margo73465/the-blog-that-should-have-been-e26c31112a37?source=rss-c5733fd5b3a7------2;2 posts
http://www.zephyrizing.net/blog/2015/08/01/using-datomic-pro-with-boot/;
https://www.greghendershott.com/2020/02/the-big-switcheroo.html;
https://flowerhack.dreamwidth.org/4198.html;
/reactjs/react/javascript/2014/11/18/red-hot-react.html;2 posts
http://blog.chaselambda.com/2018/06/17/nov-dec-summary-2017.html;
/2018/07/21/testing-the-unthinkable.html;3 posts
http://robmoore.github.io/matasano-ex-1/;2 posts
/2017/08/08/Quotes-reminders-wisdom-motivation.html;7 posts
https://programmingforwitches.tumblr.com/post/110169568366;8 posts
http://explique.me/TH/;
http://akaptur.github.com/blog/2017/11/12/love-your-bugs/;
